<?xml version="1.0" encoding="UTF-8"?>
<AdapterKinds>
   <AdapterKind adapterKindKey="VMWARE">
      <ResourceKind resourceKindKey="Datacenter">
         <Metric attrkey="badge|workload" />
      </ResourceKind>
      <ResourceKind resourceKindKey="CustomDatacenter">
         <Metric attrkey="badge|workload" />
      </ResourceKind>
      <ResourceKind resourceKindKey="ClusterComputeResource">
         <Metric attrkey="badge|workload" />
      </ResourceKind>
      <ResourceKind resourceKindKey="HostSystem">
         <Metric attrkey="badge|workload" />
      </ResourceKind>
   </AdapterKind>
</AdapterKinds>