<?xml version="1.0" encoding="UTF-8" standalone="yes"?>
<AdapterKinds>
   <AdapterKind adapterKindKey="VMWARE">
      <ResourceKind resourceKindKey="HostSystem">
         <Metric attrkey="cpu|usage_average" label="Usage Avg" unit="%" yellow="50" orange="60" red="80" />
         <Metric attrkey="mem|usage_average" label="Memory Usage (%)" unit="%" yellow="50" orange="60" red="80" />
         <Metric attrkey="net|usage_average" label="Usage Avg" unit="KBps" yellow="50" orange="60" red="80" />
         <Metric attrkey="badge|health" label="Health" unit=" " yellow="50" orange="60" red="80" />
      </ResourceKind>
      <ResourceKind resourceKindKey="VirtualMachine">
         <Metric attrkey="cpu|usage_average" label="Usage Avg" unit="%" yellow="50" orange="60" red="80" />
         <Metric attrkey="cpu|readyPct" label="Ready" unit="%" yellow="50" orange="60" red="80" />
         <Metric attrkey="cpu|capacity_contentionPct" label="CPU Contention" unit="%" yellow="50" orange="60" red="80" />
         <Metric attrkey="mem|usage_average" label="Memory Usage (%)" unit="%" yellow="50" orange="60" red="80" />
         <Metric attrkey="mem|vmmemctl_average" label="Memory Balloon" unit="KB" yellow="50" orange="60" red="80" />
         <Metric attrkey="mem|swapped_average" label="Memory Swapped" unit="KB" yellow="50" orange="60" red="80" />
         <Metric attrkey="net|usage_average" label="Usage Rate" unit="KBps" yellow="50" orange="60" red="80" />
      </ResourceKind>
      <ResourceKind resourceKindKey="Datastore">
         <Metric attrkey="summary|total_number_vms" label="Total Number of VMs" unit=" " yellow="50" orange="60" red="80" />
         <Metric attrkey="capacity|total_capacity" label="Total Capacity" unit="GB" yellow="50" orange="60" red="80" />
         <Metric attrkey="capacity|used_space" label="Used Space" unit="GB" yellow="50" orange="60" red="80" />
         <Metric attrkey="capacity|available_space" label="Available Space" unit="GB" yellow="50" orange="60" red="80" />
      </ResourceKind>
   </AdapterKind>
</AdapterKinds>
