<?xml version="1.0" encoding="UTF-8" standalone="yes"?><AdapterKinds>        <AdapterKind adapterKindId="8" adapterKindKey="EP Ops Adapter">                <ResourceKind resourceKindKey="MSSQL">                        <Metric attrkey="UTILIZATION|TotalDatabaseDataFileSize" label="Total Database Data File Size" />                        <Metric attrkey="UTILIZATION|%ProcessorTime" label="% Processor Time" />                        <Metric attrkey="UTILIZATION|TotalServerMemory" label="Total Server Memory" />                        <Metric attrkey="UTILIZATION|Buffercachehitratio" label="Buffer cache hit ratio" />                        <Metric attrkey="UTILIZATION|Pagelifeexpectancy" label="Page life expectancy" />                        <Metric attrkey="UTILIZATION|LockWaitTime" label="Lock Wait Time" />                        <Metric attrkey="UTILIZATION|LocksAverageWaitTime" label="Locks Average Wait Time" />                        <Metric attrkey="comp|Machine Cpu Usage" label="Machine Cpu Usage" />                        <Metric attrkey="comp|Machine Used Memory" label="Machine Used Memory" />                        <Metric attrkey="comp|Machine Total Memory" label="Machine Total Memory" />                        <Metric attrkey="comp|Machine Avg. Disk Queue Length" label="Machine Avg. Disk Queue Length" />                        <Metric attrkey="comp|Machine % Disk Time" label="Machine % Disk Time" />                </ResourceKind>        </AdapterKind></AdapterKinds>