<?xml version="1.0" encoding="UTF-8" standalone="yes"?>
<AdapterKinds>
   <AdapterKind adapterKindKey="VMWARE">
      <ResourceKind resourceKindKey="HostSystem">
         <Metric attrkey="badge|workload" label="Workload" unit="%" yellow="50" orange="60" red="80" />
         <Metric attrkey="mem|host_usage" label="Host Usage" unit="%" yellow="50" orange="60" red="80" />
         <Metric attrkey="cpu|usage_average" label="Usage Avg" unit="%" yellow="50" orange="60" red="80" />
      </ResourceKind>
	  <ResourceKind resourceKindKey="VirtualMachine">
         <Metric attrkey="badge|workload" label="Workload" unit="%" yellow="50" orange="60" red="80" />
         <Metric attrkey="disk|usage_average" label="Usage Avg" unit="%" yellow="50" orange="60" red="80" />
         <Metric attrkey="mem|host_usage" label="Host Usage" unit="%" yellow="50" orange="60" red="80" />
      </ResourceKind>
   </AdapterKind>
   <AdapterKind adapterKindKey="bbb">
   </AdapterKind>
</AdapterKinds>