{
   "dashboards": [{
      "autoswitchEnabled": false,
      "columnCount": 1,
      "columnProportion": "1-1",
      "creationTime": 1679651404662,
      "dashboardNavigations": {"5107ec45-9a46-4aab-aa3d-05c7895819f3": [{
         "id": "a10e7aaa-8fa7-4373-8ebb-87a9cc7daaec",
         "widgets": []
      }]},
      "description": "",
      "disabled": false,
      "gridsterMaxColumns": 12,
      "hidden": false,
      "homeTab": false,
      "id": "5ab50ded-b8eb-4469-b0b8-7487c796a983",
      "importAttempts": 0,
      "importComplete": true,
      "lastUpdateTime": 1679653096273,
      "lastUpdateUserId": "33929b89-eab3-4f61-a3ca-671b7c927827",
      "locked": false,
      "name": "Aria Operations Experience Days/Aria Operations Experience - END",
      "namePath": "Aria Operations Experience Days",
      "rank": 0,
      "shared": true,
      "states": [],
      "temporary": false,
      "userId": "33929b89-eab3-4f61-a3ca-671b7c927827",
      "widgetInteractions": [
         {
            "type": "resourceId",
            "widgetIdProvider": "5107ec45-9a46-4aab-aa3d-05c7895819f3",
            "widgetIdReceiver": "688fa426-cc19-4be3-bafa-98db001a7697"
         },
         {
            "type": "resourceId",
            "widgetIdProvider": "5107ec45-9a46-4aab-aa3d-05c7895819f3",
            "widgetIdReceiver": "65b9bfcb-fbb0-4040-a02c-8bb19f074501"
         },
         {
            "type": "resourceId",
            "widgetIdProvider": "5107ec45-9a46-4aab-aa3d-05c7895819f3",
            "widgetIdReceiver": "94573a2d-2dfb-49a6-b3e0-9c352c361d95"
         },
         {
            "type": "resourceId",
            "widgetIdProvider": "5107ec45-9a46-4aab-aa3d-05c7895819f3",
            "widgetIdReceiver": "7bd71ac7-e590-4e08-8dc7-dc149aa906e3"
         },
         {
            "type": "resourceId",
            "widgetIdProvider": "94573a2d-2dfb-49a6-b3e0-9c352c361d95",
            "widgetIdReceiver": "d46ed5b6-deae-4295-ab7f-516587e1e8dc"
         },
         {
            "type": "resourceId",
            "widgetIdProvider": "94573a2d-2dfb-49a6-b3e0-9c352c361d95",
            "widgetIdReceiver": "b0867af0-2c53-4934-b101-10ad6f7c8784"
         },
         {
            "type": "resourceId",
            "widgetIdProvider": "94573a2d-2dfb-49a6-b3e0-9c352c361d95",
            "widgetIdReceiver": "fee8817f-e467-43ee-8ada-5a6a74f7aebb"
         },
         {
            "type": "resourceId",
            "widgetIdProvider": "5107ec45-9a46-4aab-aa3d-05c7895819f3",
            "widgetIdReceiver": "d46ed5b6-deae-4295-ab7f-516587e1e8dc"
         },
         {
            "type": "resourceId",
            "widgetIdProvider": "5107ec45-9a46-4aab-aa3d-05c7895819f3",
            "widgetIdReceiver": "b0867af0-2c53-4934-b101-10ad6f7c8784"
         },
         {
            "type": "resourceId",
            "widgetIdProvider": "5107ec45-9a46-4aab-aa3d-05c7895819f3",
            "widgetIdReceiver": "fee8817f-e467-43ee-8ada-5a6a74f7aebb"
         },
         {
            "type": "resourceId",
            "widgetIdProvider": "5107ec45-9a46-4aab-aa3d-05c7895819f3",
            "widgetIdReceiver": "bb8567b3-ad8f-4865-ba4e-49cb9840bfea"
         },
         {
            "type": "resourceId",
            "widgetIdProvider": "94573a2d-2dfb-49a6-b3e0-9c352c361d95",
            "widgetIdReceiver": "bb8567b3-ad8f-4865-ba4e-49cb9840bfea"
         },
         {
            "type": "resourceId",
            "widgetIdProvider": "5107ec45-9a46-4aab-aa3d-05c7895819f3",
            "widgetIdReceiver": "f79cdba5-5c93-4031-8daa-cae888160ae3"
         },
         {
            "type": "resourceId",
            "widgetIdProvider": "5107ec45-9a46-4aab-aa3d-05c7895819f3",
            "widgetIdReceiver": "b6dffb02-b885-474f-bade-717103ef2992"
         },
         {
            "type": "resourceId",
            "widgetIdProvider": "94573a2d-2dfb-49a6-b3e0-9c352c361d95",
            "widgetIdReceiver": "b6dffb02-b885-474f-bade-717103ef2992"
         },
         {
            "type": "resourceId",
            "widgetIdProvider": "5107ec45-9a46-4aab-aa3d-05c7895819f3",
            "widgetIdReceiver": "5e7ab195-8730-4431-85f5-f55ac5c8fe9c"
         },
         {
            "type": "resourceId",
            "widgetIdProvider": "94573a2d-2dfb-49a6-b3e0-9c352c361d95",
            "widgetIdReceiver": "5e7ab195-8730-4431-85f5-f55ac5c8fe9c"
         },
         {
            "type": "resourceId",
            "widgetIdProvider": "94573a2d-2dfb-49a6-b3e0-9c352c361d95",
            "widgetIdReceiver": "f79cdba5-5c93-4031-8daa-cae888160ae3"
         },
         {
            "type": "resourceId",
            "widgetIdProvider": "5107ec45-9a46-4aab-aa3d-05c7895819f3",
            "widgetIdReceiver": "f3385d0c-dcd9-43f3-9a46-158b730d75dc"
         },
         {
            "type": "resourceId",
            "widgetIdProvider": "5107ec45-9a46-4aab-aa3d-05c7895819f3",
            "widgetIdReceiver": "ee86cc9c-b4b6-4ba9-a699-5dcbab2832f4"
         },
         {
            "type": "resourceId",
            "widgetIdProvider": "94573a2d-2dfb-49a6-b3e0-9c352c361d95",
            "widgetIdReceiver": "ee86cc9c-b4b6-4ba9-a699-5dcbab2832f4"
         },
         {
            "type": "resourceId",
            "widgetIdProvider": "94573a2d-2dfb-49a6-b3e0-9c352c361d95",
            "widgetIdReceiver": "f3385d0c-dcd9-43f3-9a46-158b730d75dc"
         },
         {
            "type": "resourceId",
            "widgetIdProvider": "5107ec45-9a46-4aab-aa3d-05c7895819f3",
            "widgetIdReceiver": "e45efef3-05fb-40b6-aa8a-422089b5ef4e"
         },
         {
            "type": "resourceId",
            "widgetIdProvider": "94573a2d-2dfb-49a6-b3e0-9c352c361d95",
            "widgetIdReceiver": "e45efef3-05fb-40b6-aa8a-422089b5ef4e"
         }
      ],
      "widgets": [
         {
            "collapsed": false,
            "config": {
               "additionalColumns": [],
               "customFilter": {
                  "excludedResources": null,
                  "filter": [],
                  "includedResources": null
               },
               "depth": 1,
               "filterMode": "tagPicker",
               "mode": "all",
               "refreshContent": {"refreshContent": false},
               "refreshInterval": 300,
               "relationshipMode": {"relationshipMode": 0},
               "resource": [],
               "selectFirstRow": {"selectFirstRow": true},
               "selfProvider": {"selfProvider": true},
               "tagFilter": {
                  "path": [
                     "/source/kind/kind:resourceKind:id:0_::_",
                     "/source/kind/kind:resourceKind:id:1_::_",
                     "/source/kind/kind:resourceKind:id:2_::_"
                  ],
                  "value": {
                     "adapterInstance": [],
                     "adapterKind": [],
                     "bus": [],
                     "collector": [],
                     "day": [],
                     "exclaim": false,
                     "healthRange": [],
                     "kind": [
                        "resourceKind:id:0_::_",
                        "resourceKind:id:1_::_",
                        "resourceKind:id:2_::_"
                     ],
                     "maintenanceSchedule": [],
                     "state": [],
                     "status": [],
                     "tag": [],
                     "tier": []
                  }
               },
               "title": "Select your Application / Environment"
            },
            "gridsterCoords": {
               "h": 9,
               "w": 3,
               "x": 1,
               "y": 1
            },
            "height": 495,
            "id": "5107ec45-9a46-4aab-aa3d-05c7895819f3",
            "states": [
               {
                  "key": "perm_toolbarVisible_widget_5ab50ded-b8eb-4469-b0b8-7487c796a983_5107ec45-9a46-4aab-aa3d-05c7895819f3",
                  "value": "b%3A1"
               },
               {
                  "key": "permResGrid_widget_5ab50ded-b8eb-4469-b0b8-7487c796a983_5107ec45-9a46-4aab-aa3d-05c7895819f3",
                  "value": "o%3Acolumns%3Da%253Ao%25253Aid%25253Ds%2525253Ah1%25255Ehidden%25253Db%2525253A1%25255Ewidth%25253Dn%2525253A100%255Eo%25253Aid%25253Ds%2525253Ah2%255Eo%25253Aid%25253Ds%2525253Ah3%25255Ehidden%25253Db%2525253A1%25255Ewidth%25253Dn%2525253A100%255Eo%25253Aid%25253Ds%2525253Ah4%255Eo%25253Aid%25253Ds%2525253Ah5%255Eo%25253Aid%25253Ds%2525253Ah6%25255Ewidth%25253Dn%2525253A100%255Eo%25253Aid%25253Ds%2525253Ah7%25255Ehidden%25253Db%2525253A1%25255Ewidth%25253Dn%2525253A100%255Eo%25253Aid%25253Ds%2525253Ah8%25255Ehidden%25253Db%2525253A1%25255Ewidth%25253Dn%2525253A100%255Eo%25253Aid%25253Ds%2525253Ah9%25255Ehidden%25253Db%2525253A1%25255Ewidth%25253Dn%2525253A100%255Eo%25253Aid%25253Ds%2525253Ah10%25255Ehidden%25253Db%2525253A1%25255Ewidth%25253Dn%2525253A100%255Eo%25253Aid%25253Ds%2525253Ah11%25255Ehidden%25253Db%2525253A1%25255Ewidth%25253Dn%2525253A100%255Eo%25253Aid%25253Ds%2525253Ah12%25255Ehidden%25253Db%2525253A1%25255Ewidth%25253Dn%2525253A100%255Eo%25253Aid%25253Ds%2525253Ah13%25255Ehidden%25253Db%2525253A1%25255Ewidth%25253Dn%2525253A100%255Eo%25253Aid%25253Ds%2525253Ah14%255Eo%25253Aid%25253Ds%2525253Ah15%25255Ehidden%25253Db%2525253A0%255Eo%25253Aid%25253Ds%2525253Ah16%25255Ehidden%25253Db%2525253A1%25255Ewidth%25253Dn%2525253A100%255Eo%25253Aid%25253Ds%2525253AresourceRating%25255Ehidden%25253Db%2525253A1%255Eo%25253Aid%25253Ds%2525253Ah18%25255Ehidden%25253Db%2525253A1%25255Ewidth%25253Dn%2525253A100%255Eo%25253Aid%25253Ds%2525253Ah19%25255Ehidden%25253Db%2525253A1%25255Ewidth%25253Dn%2525253A100%255Eo%25253Aid%25253Ds%2525253Ah20%25255Ehidden%25253Db%2525253A1%25255Ewidth%25253Dn%2525253A100%255Eo%25253Aid%25253Ds%2525253Ah21%25255Ehidden%25253Db%2525253A1%25255Ewidth%25253Dn%2525253A100%255Eo%25253Aid%25253Ds%2525253Ah22%25255Ehidden%25253Db%2525253A1%25255Ewidth%25253Dn%2525253A100%255Eo%25253Aid%25253Ds%2525253Ah23%25255Ehidden%25253Db%2525253A1%25255Ewidth%25253Dn%2525253A100%255Eo%25253Aid%25253Ds%2525253Ah24%25255Ehidden%25253Db%2525253A1%25255Ewidth%25253Dn%2525253A100%255Eo%25253Aid%25253Ds%2525253Ah25%25255Ehidden%25253Db%2525253A1%25255Ewidth%25253Dn%2525253A100%255Eo%25253Aid%25253Ds%2525253Ah26%25255Ehidden%25253Db%2525253A1%25255Ewidth%25253Dn%2525253A100%255Eo%25253Aid%25253Ds%2525253Ah27%25255Ehidden%25253Db%2525253A1%25255Ewidth%25253Dn%2525253A100%255Eo%25253Aid%25253Ds%2525253Ah28%25255Ehidden%25253Db%2525253A1%25255Ewidth%25253Dn%2525253A100%255Eo%25253Aid%25253Ds%2525253Ah29%25255Ehidden%25253Db%2525253A1%25255Ewidth%25253Dn%2525253A100%255Eo%25253Aid%25253Ds%2525253Ah30%25255Ehidden%25253Db%2525253A1%25255Ewidth%25253Dn%2525253A100%255Eo%25253Aid%25253Ds%2525253Ah31%25255Ehidden%25253Db%2525253A1%25255Ewidth%25253Dn%2525253A100%255Eo%25253Aid%25253Ds%2525253Ah32%25255Ehidden%25253Db%2525253A1%25255Ewidth%25253Dn%2525253A100%255Eo%25253Aid%25253Ds%2525253Ah33%25255Ehidden%25253Db%2525253A1%25255Ewidth%25253Dn%2525253A100%255Eo%25253Aid%25253Ds%2525253Ah34%25255Ehidden%25253Db%2525253A1%25255Ewidth%25253Dn%2525253A100%255Eo%25253Aid%25253Ds%2525253Ah35%25255Ehidden%25253Db%2525253A1%25255Ewidth%25253Dn%2525253A100%255Eo%25253Aid%25253Ds%2525253Ah36%25255Ehidden%25253Db%2525253A1%25255Ewidth%25253Dn%2525253A100%255Eo%25253Aid%25253Ds%2525253Ah37%25255Ehidden%25253Db%2525253A1%25255Ewidth%25253Dn%2525253A100%255Eo%25253Aid%25253Ds%2525253Ah38%25255Ehidden%25253Db%2525253A1%25255Ewidth%25253Dn%2525253A100%255Eo%25253Aid%25253Ds%2525253Ah39%25255Ehidden%25253Db%2525253A1%25255Ewidth%25253Dn%2525253A100%255Eo%25253Aid%25253Ds%2525253Ah40%25255Ehidden%25253Db%2525253A1%25255Ewidth%25253Dn%2525253A100%255Eo%25253Aid%25253Ds%2525253Ah41%25255Ehidden%25253Db%2525253A1%25255Ewidth%25253Dn%2525253A100%255Eo%25253Aid%25253Ds%2525253Ah42%25255Ehidden%25253Db%2525253A1%25255Ewidth%25253Dn%2525253A100%255Eo%25253Aid%25253Ds%2525253Ah43%25255Ehidden%25253Db%2525253A1%25255Ewidth%25253Dn%2525253A100%255Eo%25253Aid%25253Ds%2525253Ah44%25255Ehidden%25253Db%2525253A1%25255Ewidth%25253Dn%2525253A100%255Eo%25253Aid%25253Ds%2525253Ah45%25255Ehidden%25253Db%2525253A1%25255Ewidth%25253Dn%2525253A100%255Eo%25253Aid%25253Ds%2525253Ah46%25255Ehidden%25253Db%2525253A1%25255Ewidth%25253Dn%2525253A100%255Eo%25253Aid%25253Ds%2525253Ah47%25255Ehidden%25253Db%2525253A1%25255Ewidth%25253Dn%2525253A100%5EstoreState%3Do%253Asorters%253Da%25253Ao%2525253Aroot%2525253Ds%252525253Adata%2525255Eproperty%2525253Ds%252525253AresourceKind%2525255Edirection%2525253Ds%252525253AASC%2525255Eid%2525253Ds%252525253AresourceKind"
               }
            ],
            "title": "Select your Application / Environment",
            "type": "ResourceList"
         },
         {
            "collapsed": false,
            "config": {
               "chartViewItems": ["labels"],
               "isUpdatedView": true,
               "refreshContent": {"refreshContent": false},
               "refreshInterval": 300,
               "resource": null,
               "selectFirstRow": {"selectFirstRow": false},
               "selfProvider": {"selfProvider": false},
               "title": "potential cost savings",
               "traversalSpecId": "",
               "viewDefinitionId": "6a431c9b-ce07-4f77-8186-d42d464e5851"
            },
            "gridsterCoords": {
               "h": 6,
               "w": 2,
               "x": 3,
               "y": 17
            },
            "height": 324,
            "id": "688fa426-cc19-4be3-bafa-98db001a7697",
            "states": [
               {
                  "key": "perm_isDashboardTime_widget_5ab50ded-b8eb-4469-b0b8-7487c796a983_688fa426-cc19-4be3-bafa-98db001a7697",
                  "value": "b%3A0"
               },
               {
                  "key": "perm_toolbarVisible_widget_5ab50ded-b8eb-4469-b0b8-7487c796a983_688fa426-cc19-4be3-bafa-98db001a7697",
                  "value": "b%3A1"
               },
               {
                  "key": "permSelectedDate_widget_5ab50ded-b8eb-4469-b0b8-7487c796a983_688fa426-cc19-4be3-bafa-98db001a7697",
                  "value": "s%3A%7B%22minType%22%3A%22.TimeIntervalControl%22%2C%22count%22%3A4%2C%22unit%22%3A%22WEEKS%22%2C%22priorCount%22%3Anull%2C%22priorUnit%22%3Anull%2C%22fromTime%22%3Anull%2C%22toTime%22%3Anull%2C%22mondayHours%22%3A%5B%5D%2C%22tuesdayHours%22%3A%5B%5D%2C%22wednesdayHours%22%3A%5B%5D%2C%22thursdayHours%22%3A%5B%5D%2C%22fridayHours%22%3A%5B%5D%2C%22saturdayHours%22%3A%5B%5D%2C%22sundayHours%22%3A%5B%5D%7D"
               }
            ],
            "title": "potential cost savings",
            "type": "View"
         },
         {
            "collapsed": false,
            "config": {
               "chartViewItems": [],
               "isUpdatedView": true,
               "refreshContent": {"refreshContent": false},
               "refreshInterval": 300,
               "resource": null,
               "selectFirstRow": {"selectFirstRow": false},
               "selfProvider": {"selfProvider": false},
               "title": "OS uptime",
               "traversalSpecId": "",
               "viewDefinitionId": "cebe351d-a46c-4257-b7bb-053bb39e2541"
            },
            "gridsterCoords": {
               "h": 6,
               "w": 2,
               "x": 1,
               "y": 17
            },
            "height": 324,
            "id": "65b9bfcb-fbb0-4040-a02c-8bb19f074501",
            "states": [{
               "key": "perm_isDashboardTime_widget_5ab50ded-b8eb-4469-b0b8-7487c796a983_65b9bfcb-fbb0-4040-a02c-8bb19f074501",
               "value": "b%3A0"
            }],
            "title": "OS uptime",
            "type": "View"
         },
         {
            "collapsed": false,
            "config": {
               "chartViewItems": ["legend"],
               "isUpdatedView": true,
               "refreshContent": {"refreshContent": false},
               "refreshInterval": 300,
               "resource": null,
               "selectFirstRow": {"selectFirstRow": false},
               "selfProvider": {"selfProvider": false},
               "title": "cpu performance trend",
               "traversalSpecId": "",
               "viewDefinitionId": "e5d6918b-4ffe-459e-b4a1-816956da7724"
            },
            "gridsterCoords": {
               "h": 7,
               "w": 4,
               "x": 1,
               "y": 10
            },
            "height": 381,
            "id": "d46ed5b6-deae-4295-ab7f-516587e1e8dc",
            "states": [
               {
                  "key": "perm_isDashboardTime_widget_5ab50ded-b8eb-4469-b0b8-7487c796a983_d46ed5b6-deae-4295-ab7f-516587e1e8dc",
                  "value": "b%3A0"
               },
               {
                  "key": "perm_toolbarVisible_widget_5ab50ded-b8eb-4469-b0b8-7487c796a983_d46ed5b6-deae-4295-ab7f-516587e1e8dc",
                  "value": "b%3A1"
               },
               {
                  "key": "permSelectedDate_widget_5ab50ded-b8eb-4469-b0b8-7487c796a983_d46ed5b6-deae-4295-ab7f-516587e1e8dc",
                  "value": "s%3A%7B%22minType%22%3A%22.TimeIntervalControl%22%2C%22count%22%3A1%2C%22unit%22%3A%22DAYS%22%7D"
               }
            ],
            "title": "cpu performance trend",
            "type": "View"
         },
         {
            "collapsed": false,
            "config": {
               "chartViewItems": ["legend"],
               "isUpdatedView": true,
               "refreshContent": {"refreshContent": false},
               "refreshInterval": 300,
               "resource": null,
               "selectFirstRow": {"selectFirstRow": false},
               "selfProvider": {"selfProvider": false},
               "title": "guest memory Performance",
               "traversalSpecId": "",
               "viewDefinitionId": "df2e3054-5db5-478f-bb7d-fbcaccd7960e"
            },
            "gridsterCoords": {
               "h": 7,
               "w": 4,
               "x": 5,
               "y": 10
            },
            "height": 381,
            "id": "b0867af0-2c53-4934-b101-10ad6f7c8784",
            "states": [{
               "key": "perm_isDashboardTime_widget_5ab50ded-b8eb-4469-b0b8-7487c796a983_b0867af0-2c53-4934-b101-10ad6f7c8784",
               "value": "b%3A0"
            }],
            "title": "guest memory Performance",
            "type": "View"
         },
         {
            "collapsed": false,
            "config": {
               "chartViewItems": [],
               "isUpdatedView": true,
               "refreshContent": {"refreshContent": false},
               "refreshInterval": 300,
               "resource": null,
               "selectFirstRow": {"selectFirstRow": false},
               "selfProvider": {"selfProvider": false},
               "title": "Utilization List",
               "traversalSpecId": "",
               "viewDefinitionId": "2c07c6a4-c424-408b-9e42-e5001deae6ca"
            },
            "gridsterCoords": {
               "h": 9,
               "w": 3,
               "x": 7,
               "y": 1
            },
            "height": 495,
            "id": "94573a2d-2dfb-49a6-b3e0-9c352c361d95",
            "states": [
               {
                  "key": "perm_isDashboardTime_widget_5ab50ded-b8eb-4469-b0b8-7487c796a983_94573a2d-2dfb-49a6-b3e0-9c352c361d95",
                  "value": "b%3A0"
               },
               {
                  "key": "permSelectedDate_widget_5ab50ded-b8eb-4469-b0b8-7487c796a983_94573a2d-2dfb-49a6-b3e0-9c352c361d95",
                  "value": "s%3A%7B%22minType%22%3A%22.TimeIntervalControl%22%2C%22advancedTimeMode%22%3Afalse%2C%22fromTime%22%3Anull%2C%22unit%22%3A%22WEEKS%22%2C%22count%22%3A4%2C%22priorUnit%22%3Anull%2C%22priorCount%22%3Anull%2C%22startSubUnit%22%3Anull%2C%22startPeriod%22%3Anull%2C%22toTime%22%3Anull%2C%22endUnit%22%3Anull%2C%22endCount%22%3Anull%2C%22endSubUnit%22%3Anull%2C%22endPeriod%22%3Anull%2C%22isRealTimeData%22%3Anull%2C%22mondayHours%22%3A%5B%5D%2C%22tuesdayHours%22%3A%5B%5D%2C%22wednesdayHours%22%3A%5B%5D%2C%22thursdayHours%22%3A%5B%5D%2C%22fridayHours%22%3A%5B%5D%2C%22saturdayHours%22%3A%5B%5D%2C%22sundayHours%22%3A%5B%5D%7D"
               },
               {
                  "key": "perm_toolbarVisible_widget_5ab50ded-b8eb-4469-b0b8-7487c796a983_94573a2d-2dfb-49a6-b3e0-9c352c361d95",
                  "value": "b%3A1"
               }
            ],
            "title": "Utilization List",
            "type": "View"
         },
         {
            "collapsed": false,
            "config": {
               "chartViewItems": ["legend"],
               "isUpdatedView": true,
               "refreshContent": {"refreshContent": false},
               "refreshInterval": 300,
               "resource": null,
               "selectFirstRow": {"selectFirstRow": false},
               "selfProvider": {"selfProvider": false},
               "title": "disk throughput performance",
               "traversalSpecId": "",
               "viewDefinitionId": "73b15112-2bc1-4134-be3c-2a46c1398a65"
            },
            "gridsterCoords": {
               "h": 7,
               "w": 4,
               "x": 9,
               "y": 10
            },
            "height": 381,
            "id": "fee8817f-e467-43ee-8ada-5a6a74f7aebb",
            "states": [{
               "key": "perm_isDashboardTime_widget_5ab50ded-b8eb-4469-b0b8-7487c796a983_fee8817f-e467-43ee-8ada-5a6a74f7aebb",
               "value": "b%3A0"
            }],
            "title": "disk throughput performance",
            "type": "View"
         },
         {
            "collapsed": false,
            "config": {
               "configs": [{
                  "attributeKind": {
                     "id": "sys|poweredOn",
                     "value": "System|Powered ON"
                  },
                  "attributePaths": ["/root/allMetricsRoot/GROUP_sys/sys|poweredOn"],
                  "color": {
                     "maxValue": 1,
                     "minValue": 0,
                     "thresholds": {
                        "colors": [
                           "#FF0000",
                           "#FF0000",
                           "#00FF00"
                        ],
                        "values": [
                           0,
                           100
                        ]
                     }
                  },
                  "colorBy": {
                     "metricKey": "sys|poweredOn",
                     "value": "System|Powered ON"
                  },
                  "customFilter": {
                     "excludedResources": null,
                     "filter": [],
                     "includedResources": null
                  },
                  "filterMode": "tagPicker",
                  "focusOnGroups": false,
                  "groupBy": {
                     "adapterKind": "VMWARE",
                     "id": "004null002006VMWAREVirtualMachine",
                     "originalText": "Virtual Machine",
                     "parentId": "VMWARE",
                     "parentText": "vCenter",
                     "resourceKind": "VirtualMachine",
                     "text": "Virtual Machine",
                     "type": "resourceKind",
                     "typeId": "resourceKind:id:3_::_"
                  },
                  "mode": {"mode": false},
                  "name": "virtu",
                  "relationalGrouping": false,
                  "resourceKind": "resourceKind:id:3_::_",
                  "sizeBy": {
                     "metricKey": null,
                     "value": ""
                  },
                  "solidColoring": true,
                  "tagFilter": null,
                  "thenBy": null
               }],
               "depth": 5,
               "mode": "all",
               "refreshContent": {"refreshContent": false},
               "refreshInterval": 300,
               "relationshipMode": {"relationshipMode": [
                  1,
                  -1,
                  0
               ]},
               "resource": [],
               "selfProvider": {"selfProvider": false},
               "title": "VMs up or down`?",
               "value": 0
            },
            "gridsterCoords": {
               "h": 3,
               "w": 3,
               "x": 4,
               "y": 7
            },
            "height": 153,
            "id": "7bd71ac7-e590-4e08-8dc7-dc149aa906e3",
            "states": [
               {
                  "key": "permBtn_zoomInBtn_perm_HeatMap_widget_5ab50ded-b8eb-4469-b0b8-7487c796a983_7bd71ac7-e590-4e08-8dc7-dc149aa906e3",
                  "value": "b%3A0"
               },
               {
                  "key": "perm_toolbarVisible_widget_5ab50ded-b8eb-4469-b0b8-7487c796a983_7bd71ac7-e590-4e08-8dc7-dc149aa906e3",
                  "value": "b%3A0"
               },
               {
                  "key": "permBtn_showTextBtn_perm_HeatMap_widget_5ab50ded-b8eb-4469-b0b8-7487c796a983_7bd71ac7-e590-4e08-8dc7-dc149aa906e3",
                  "value": "b%3A0"
               },
               {
                  "key": "perm_HeatMap_widget_5ab50ded-b8eb-4469-b0b8-7487c796a983_7bd71ac7-e590-4e08-8dc7-dc149aa906e3",
                  "value": "o%3A"
               }
            ],
            "title": "VMs up or down`?",
            "type": "Heatmap"
         },
         {
            "collapsed": false,
            "config": {
               "refreshContent": {"refreshContent": false},
               "refreshInterval": 300,
               "resource": null,
               "selfProvider": {"selfProvider": false},
               "title": "Work Pattern"
            },
            "gridsterCoords": {
               "h": 6,
               "w": 3,
               "x": 4,
               "y": 1
            },
            "height": 324,
            "id": "bb8567b3-ad8f-4865-ba4e-49cb9840bfea",
            "title": "Work Pattern",
            "type": "IntSummaryStress"
         },
         {
            "collapsed": false,
            "config": {
               "configs": [{
                  "attributeKind": {"value": ""},
                  "color": {"thresholds": {
                     "colors": [
                        "#00ff00",
                        "#888800",
                        "#ff0000"
                     ],
                     "values": [
                        0,
                        50,
                        100
                     ]
                  }},
                  "colorBy": {
                     "metricKey": "cpu|capacity_contentionPct",
                     "value": "CPU|Contention (%)"
                  },
                  "customFilter": {
                     "excludedResources": null,
                     "filter": [],
                     "includedResources": null
                  },
                  "filterMode": "tagPicker",
                  "focusOnGroups": true,
                  "groupBy": {
                     "adapterKind": "VMWARE",
                     "id": "004null002006VMWAREVirtualMachine",
                     "originalText": "Virtual Machine",
                     "parentId": "VMWARE",
                     "parentText": "vCenter",
                     "resourceKind": "VirtualMachine",
                     "text": "Virtual Machine",
                     "type": "resourceKind",
                     "typeId": "resourceKind:id:3_::_"
                  },
                  "mode": {"mode": false},
                  "name": "load/contention",
                  "relationalGrouping": false,
                  "resourceKind": "resourceKind:id:3_::_",
                  "sizeBy": {
                     "metricKey": "cpu|workload",
                     "value": "CPU|Workload (%)"
                  },
                  "solidColoring": false,
                  "tagFilter": null,
                  "thenBy": null
               }],
               "depth": 10,
               "mode": "all",
               "refreshContent": {"refreshContent": false},
               "refreshInterval": 300,
               "relationshipMode": {"relationshipMode": [
                  1,
                  -1,
                  0
               ]},
               "resource": [],
               "selfProvider": {"selfProvider": false},
               "title": "workload and contention",
               "value": 0
            },
            "gridsterCoords": {
               "h": 6,
               "w": 4,
               "x": 5,
               "y": 17
            },
            "height": 324,
            "id": "f79cdba5-5c93-4031-8daa-cae888160ae3",
            "states": [{
               "key": "perm_HeatMap_widget_5ab50ded-b8eb-4469-b0b8-7487c796a983_f79cdba5-5c93-4031-8daa-cae888160ae3",
               "value": "o%3A"
            }],
            "title": "workload and contention",
            "type": "Heatmap"
         },
         {
            "collapsed": false,
            "config": {
               "refreshContent": {"refreshContent": false},
               "refreshInterval": 300,
               "resource": null,
               "selfProvider": {"selfProvider": false},
               "title": "Alert Volume"
            },
            "gridsterCoords": {
               "h": 4,
               "w": 3,
               "x": 10,
               "y": 1
            },
            "height": 210,
            "id": "b6dffb02-b885-474f-bade-717103ef2992",
            "title": "Alert Volume",
            "type": "IntSummaryAlertVolume"
         },
         {
            "collapsed": false,
            "config": {
               "impactedBadge": "",
               "refreshContent": {"refreshContent": false},
               "refreshInterval": 300,
               "relationshipMode": {"relationshipMode": [
                  -1,
                  0
               ]},
               "resource": null,
               "selfProvider": {"selfProvider": false},
               "title": "Top Alerts",
               "topIssuesDisplayLimit": 5
            },
            "gridsterCoords": {
               "h": 5,
               "w": 3,
               "x": 10,
               "y": 5
            },
            "height": 267,
            "id": "5e7ab195-8730-4431-85f5-f55ac5c8fe9c",
            "title": "Top Alerts",
            "type": "ProblemAlertsList"
         },
         {
            "collapsed": false,
            "config": {
               "custom": [{
                  "lightWeightRelationships": [
                     {
                        "id": "extModel52175-1",
                        "key": "widget.topologyGraph.parent",
                        "lineStyle": "solid",
                        "name": "",
                        "propKeyPrefix": "",
                        "relationship": "~child",
                        "subType": "",
                        "type": "~child"
                     },
                     {
                        "id": "extModel52175-2",
                        "key": "widget.topologyGraph.child",
                        "lineStyle": "solid",
                        "name": "",
                        "propKeyPrefix": "",
                        "relationship": "child",
                        "subType": "",
                        "type": "child"
                     },
                     {
                        "id": "extModel52175-3",
                        "key": "widget.topologyGraph.connectedTo.LWSERVICE",
                        "lineStyle": "solid",
                        "name": "",
                        "propKeyPrefix": "relation",
                        "relationship": "connectedTo",
                        "subType": "LWSERVICE",
                        "type": "connectedTo.LWSERVICE"
                     }
                  ],
                  "selectedConfigFile": "defaultTopologyGraphConfig.xml",
                  "selectedLayoutType": "force",
                  "travSpecs": []
               }],
               "depth": 1,
               "filterMode": {"leafExpand": true},
               "mode": "node",
               "refreshContent": {"refreshContent": false},
               "refreshInterval": 300,
               "resInteractionMode": null,
               "resource": {"resourceName": ""},
               "resources": [
                  {"resourceName": ""},
                  {"resourceName": ""}
               ],
               "selfProvider": {"selfProvider": false},
               "title": "Topo Graph",
               "treeType": {"treeType": false}
            },
            "gridsterCoords": {
               "h": 9,
               "w": 5,
               "x": 8,
               "y": 23
            },
            "height": 495,
            "id": "f3385d0c-dcd9-43f3-9a46-158b730d75dc",
            "states": [
               {
                  "key": "permNewlyConfigured_widget_5ab50ded-b8eb-4469-b0b8-7487c796a983_f3385d0c-dcd9-43f3-9a46-158b730d75dc",
                  "value": "b%3A0"
               },
               {
                  "key": "permGraphData_widget_5ab50ded-b8eb-4469-b0b8-7487c796a983_f3385d0c-dcd9-43f3-9a46-158b730d75dc",
                  "value": "s%3A%7B%22nodesMap%22%3A%7B%7D%2C%22linksMap%22%3A%7B%7D%2C%22relationshipMap%22%3A%7B%7D%2C%22expandedNodesMap%22%3A%7B%7D%2C%22layout%22%3A%7B%22zoom%22%3A1%2C%22x%22%3A241.52051687747536%2C%22y%22%3A-87.53033032260191%7D%2C%22links%22%3A%5B%7B%22betweenResources%22%3A%22true%22%2C%22source%22%3A%22f5769e87-b5d0-48c0-97ef-fa667b9a81b0%22%2C%22type%22%3A%22child%22%2C%22target%22%3A%220f2c307d-6604-44da-ad91-cc61e84b8986%22%2C%22lineStyle%22%3A%22solid%22%7D%2C%7B%22betweenResources%22%3A%22true%22%2C%22source%22%3A%22f5769e87-b5d0-48c0-97ef-fa667b9a81b0%22%2C%22type%22%3A%22child%22%2C%22target%22%3A%2298741ab7-af08-4bc5-b0d9-a88272166ffb%22%2C%22lineStyle%22%3A%22solid%22%7D%2C%7B%22betweenResources%22%3A%22true%22%2C%22source%22%3A%22f5769e87-b5d0-48c0-97ef-fa667b9a81b0%22%2C%22type%22%3A%22child%22%2C%22target%22%3A%227df26fee-8e34-4e9b-a37e-0bf21ca6e63f%22%2C%22lineStyle%22%3A%22solid%22%7D%5D%2C%22nodes%22%3A%5B%7B%22resourceNode%22%3Atrue%2C%22metricState%22%3A0%2C%22icon%22%3A%22images/resknd/custom/Container_Environment.png%22%2C%22adapterkndKey%22%3A%22Container%22%2C%22degree%22%3A0%2C%22index%22%3A0%2C%22resknd%22%3A%22Environment%22%2C%22uuid%22%3A%22f5769e87-b5d0-48c0-97ef-fa667b9a81b0%22%2C%22resKndId%22%3A%22002009ContainerEnvironment%22%2C%22reskndKey%22%3A%22Environment%22%2C%22root%22%3Afalse%2C%22name%22%3A%22vSAN%20Datastores%22%2C%22healthColor%22%3A%22%23309948%22%2C%22darkerHealthColor%22%3A%22%23216b32%22%2C%22properties%22%3A%5B%5D%2C%22notInState%22%3Afalse%2C%22x%22%3A289.2712084377134%2C%22y%22%3A275.68441822154244%2C%22radius%22%3A33%2C%22weight%22%3A3%2C%22px%22%3A288.8080664917789%2C%22py%22%3A275.87661876553807%2C%22x0%22%3A289.2712084377134%2C%22y0%22%3A275.68441822154244%2C%22efficiencyColor%22%3A%22%23309948%22%2C%22healthState%22%3A0%2C%22darkerRiskColor%22%3A%22%23216b32%22%2C%22efficiencyState%22%3A0%2C%22darkerEfficiencyColor%22%3A%22%23216b32%22%2C%22riskColor%22%3A%22%23309948%22%2C%22riskState%22%3A0%2C%22tooltipId%22%3A%22tooltip_f5769e87-b5d0-48c0-97ef-fa667b9a81b0_1679896245987%22%2C%22fixed%22%3Atrue%7D%2C%7B%22resourceNode%22%3Atrue%2C%22metricState%22%3A0%2C%22icon%22%3A%22images/resknd/default/vrops-light/VMWARE_Datastore.svg%22%2C%22adapterkndKey%22%3A%22VMWARE%22%2C%22degree%22%3A1%2C%22index%22%3A1%2C%22resknd%22%3A%22Datastore%22%2C%22uuid%22%3A%2298741ab7-af08-4bc5-b0d9-a88272166ffb%22%2C%22resKndId%22%3A%22002006VMWAREDatastore%22%2C%22reskndKey%22%3A%22Datastore%22%2C%22root%22%3Afalse%2C%22name%22%3A%22sfo-w01-sfo-w01-vc01-sfo-w01-cl01-vsan01%22%2C%22healthColor%22%3A%22%23309948%22%2C%22darkerHealthColor%22%3A%22%23216b32%22%2C%22properties%22%3A%5B%5D%2C%22notInState%22%3Afalse%2C%22radius%22%3A33%2C%22weight%22%3A1%2C%22x%22%3A399.5660932186874%2C%22y%22%3A252.12829658555958%2C%22px%22%3A398.2049887037872%2C%22py%22%3A252.43266950698492%2C%22x0%22%3A397.7640907906167%2C%22y0%22%3A252.56722384059063%2C%22efficiencyColor%22%3A%22%23309948%22%2C%22healthState%22%3A0%2C%22darkerRiskColor%22%3A%22%23216b32%22%2C%22efficiencyState%22%3A0%2C%22darkerEfficiencyColor%22%3A%22%23216b32%22%2C%22riskColor%22%3A%22%23309948%22%2C%22riskState%22%3A0%2C%22tooltipId%22%3A%22tooltip_98741ab7-af08-4bc5-b0d9-a88272166ffb_1679896245987%22%2C%22fixed%22%3Atrue%7D%2C%7B%22resourceNode%22%3Atrue%2C%22metricState%22%3A0%2C%22icon%22%3A%22images/resknd/default/vrops-light/VMWARE_Datastore.svg%22%2C%22adapterkndKey%22%3A%22VMWARE%22%2C%22degree%22%3A1%2C%22index%22%3A2%2C%22resknd%22%3A%22Datastore%22%2C%22uuid%22%3A%220f2c307d-6604-44da-ad91-cc61e84b8986%22%2C%22resKndId%22%3A%22002006VMWAREDatastore%22%2C%22reskndKey%22%3A%22Datastore%22%2C%22root%22%3Afalse%2C%22name%22%3A%22sfo-w01-sfo-w01-vc01-sfo-w01-cl02-vsan01%22%2C%22healthColor%22%3A%22%23309948%22%2C%22darkerHealthColor%22%3A%22%23216b32%22%2C%22properties%22%3A%5B%5D%2C%22notInState%22%3Afalse%2C%22radius%22%3A33%2C%22weight%22%3A1%2C%22x%22%3A311.91641092151025%2C%22y%22%3A386.160594020461%2C%22px%22%3A311.20419788212877%2C%22py%22%3A385.48835174971435%2C%22x0%22%3A310.1039075061592%2C%22y0%22%3A386.64964647912035%2C%22efficiencyColor%22%3A%22%23309948%22%2C%22healthState%22%3A0%2C%22darkerRiskColor%22%3A%22%23216b32%22%2C%22efficiencyState%22%3A0%2C%22darkerEfficiencyColor%22%3A%22%23216b32%22%2C%22riskColor%22%3A%22%23309948%22%2C%22riskState%22%3A0%2C%22tooltipId%22%3A%22tooltip_0f2c307d-6604-44da-ad91-cc61e84b8986_1679896245987%22%2C%22fixed%22%3Atrue%7D%2C%7B%22resourceNode%22%3Atrue%2C%22metricState%22%3A0%2C%22icon%22%3A%22images/resknd/default/vrops-light/VMWARE_Datastore.svg%22%2C%22adapterkndKey%22%3A%22VMWARE%22%2C%22degree%22%3A1%2C%22index%22%3A3%2C%22resknd%22%3A%22Datastore%22%2C%22uuid%22%3A%227df26fee-8e34-4e9b-a37e-0bf21ca6e63f%22%2C%22resKndId%22%3A%22002006VMWAREDatastore%22%2C%22reskndKey%22%3A%22Datastore%22%2C%22root%22%3Afalse%2C%22name%22%3A%22sfo-m01-cl01-ds-vsan01%22%2C%22healthColor%22%3A%22%23309948%22%2C%22darkerHealthColor%22%3A%22%23216b32%22%2C%22properties%22%3A%5B%5D%2C%22notInState%22%3Afalse%2C%22radius%22%3A33%2C%22weight%22%3A1%2C%22x%22%3A195.39287302636185%2C%22y%22%3A212.9000666247428%2C%22px%22%3A195.5827043020229%2C%22py%22%3A213.52771369242151%2C%22x0%22%3A195.39287302636185%2C%22y0%22%3A212.9000666247428%2C%22efficiencyColor%22%3A%22%23309948%22%2C%22healthState%22%3A0%2C%22darkerRiskColor%22%3A%22%23216b32%22%2C%22efficiencyState%22%3A0%2C%22darkerEfficiencyColor%22%3A%22%23216b32%22%2C%22riskColor%22%3A%22%23309948%22%2C%22riskState%22%3A0%2C%22tooltipId%22%3A%22tooltip_7df26fee-8e34-4e9b-a37e-0bf21ca6e63f_1679896245987%22%2C%22fixed%22%3Atrue%7D%5D%2C%22removedNodesMap%22%3A%7B%7D%7D"
               },
               {
                  "key": "perm_toolbarVisible_widget_5ab50ded-b8eb-4469-b0b8-7487c796a983_f3385d0c-dcd9-43f3-9a46-158b730d75dc",
                  "value": "b%3A1"
               }
            ],
            "title": "Topo Graph",
            "type": "TopologyGraph"
         },
         {
            "collapsed": false,
            "config": {
               "customFilter": {
                  "excludedResources": null,
                  "filter": [],
                  "includedResources": null
               },
               "depth": "1,1",
               "filterMode": "tagPicker",
               "refreshContent": {"refreshContent": false},
               "refreshInterval": 300,
               "resourceId": null,
               "resourceName": null,
               "selfProvider": {"selfProvider": false},
               "tagFilter": null,
               "title": "Objects",
               "traversalSpecId": ""
            },
            "gridsterCoords": {
               "h": 9,
               "w": 7,
               "x": 1,
               "y": 23
            },
            "height": 495,
            "id": "ee86cc9c-b4b6-4ba9-a699-5dcbab2832f4",
            "states": [
               {
                  "key": "perm_toolbarVisible_widget_5ab50ded-b8eb-4469-b0b8-7487c796a983_ee86cc9c-b4b6-4ba9-a699-5dcbab2832f4",
                  "value": "b%3A1"
               },
               {
                  "key": "perm_ResourceRelationshipTree_widget_5ab50ded-b8eb-4469-b0b8-7487c796a983_ee86cc9c-b4b6-4ba9-a699-5dcbab2832f4",
                  "value": "o%3A"
               },
               {
                  "key": "perm_viewerType_widget_5ab50ded-b8eb-4469-b0b8-7487c796a983_ee86cc9c-b4b6-4ba9-a699-5dcbab2832f4",
                  "value": "s%3ArelationshipTopology"
               }
            ],
            "title": "Objects",
            "type": "ResourceRelationshipAdvanced"
         },
         {
            "collapsed": false,
            "config": {
               "chartViewItems": [],
               "isUpdatedView": true,
               "refreshContent": {"refreshContent": false},
               "refreshInterval": 300,
               "resource": null,
               "selectFirstRow": {"selectFirstRow": false},
               "selfProvider": {"selfProvider": false},
               "title": "Disks",
               "traversalSpecId": "",
               "viewDefinitionId": "255caaee-240e-4c83-b929-1eccc44e5b68"
            },
            "gridsterCoords": {
               "h": 6,
               "w": 4,
               "x": 9,
               "y": 17
            },
            "height": 324,
            "id": "e45efef3-05fb-40b6-aa8a-422089b5ef4e",
            "states": [
               {
                  "key": "perm_isDashboardTime_widget_5ab50ded-b8eb-4469-b0b8-7487c796a983_e45efef3-05fb-40b6-aa8a-422089b5ef4e",
                  "value": "b%3A0"
               },
               {
                  "key": "permSelectedDate_widget_5ab50ded-b8eb-4469-b0b8-7487c796a983_e45efef3-05fb-40b6-aa8a-422089b5ef4e",
                  "value": "s%3A%7B%22minType%22%3A%22.TimeIntervalControl%22%2C%22advancedTimeMode%22%3Afalse%2C%22fromTime%22%3Anull%2C%22unit%22%3A%22DAYS%22%2C%22count%22%3A7%2C%22priorUnit%22%3Anull%2C%22priorCount%22%3Anull%2C%22startSubUnit%22%3Anull%2C%22startPeriod%22%3Anull%2C%22toTime%22%3Anull%2C%22endUnit%22%3Anull%2C%22endCount%22%3Anull%2C%22endSubUnit%22%3Anull%2C%22endPeriod%22%3Anull%2C%22isRealTimeData%22%3Anull%2C%22mondayHours%22%3A%5B%5D%2C%22tuesdayHours%22%3A%5B%5D%2C%22wednesdayHours%22%3A%5B%5D%2C%22thursdayHours%22%3A%5B%5D%2C%22fridayHours%22%3A%5B%5D%2C%22saturdayHours%22%3A%5B%5D%2C%22sundayHours%22%3A%5B%5D%7D"
               }
            ],
            "title": "Disks",
            "type": "View"
         }
      ]
   }],
   "entries": {"resourceKind": [
      {
         "adapterKindKey": "Container",
         "internalId": "resourceKind:id:0_::_",
         "resourceKindKey": "Function"
      },
      {
         "adapterKindKey": "VMWARE",
         "internalId": "resourceKind:id:3_::_",
         "resourceKindKey": "VirtualMachine"
      },
      {
         "adapterKindKey": "VMWARE",
         "internalId": "resourceKind:id:2_::_",
         "resourceKindKey": "vSphere World"
      },
      {
         "adapterKindKey": "Container",
         "internalId": "resourceKind:id:1_::_",
         "resourceKindKey": "Environment"
      }
   ]},
   "uuid": "e29488a5-a67f-4822-9d45-2985af4876b5"
}