<?xml version="1.0" encoding="UTF-8"?><scorecardContent>
    <ComplianceScorecards>
        <ComplianceScorecard description="Custom Compliance benchmarks " name="SockShop Compliance" type="CUSTOM">
            <AlertDefinitionIds>
                <AlertDefinitionId id="AlertDefinition-NSXTAdapter-SecurityDisableSSH"/>
                <AlertDefinitionId id="AlertDefinition-vCenter Operations Adapter-LicenseKeyExpiryFinalAlert"/>
                <AlertDefinitionId id="AlertDefinition-CIS-DPG-DISTRIBUTEDVIRTUALPORTGROUP"/>
                <AlertDefinitionId id="AlertDefinition-vCenterLicenseOverUsed"/>
                <AlertDefinitionId id="AlertDefinition-VMWARE-VMViolateHardeningGuideV6"/>
                <AlertDefinitionId id="AlertDefinition-VMWARE-VMViolateHardeningGuideV6RP2"/>
                <AlertDefinitionId id="AlertDefinition-VMViolate_PCI-DSS"/>
                <AlertDefinitionId id="AlertDefinition-FISMA-VM-VIRTUALMACHINE"/>
                <AlertDefinitionId id="AlertDefinition-vCenter Operations Adapter-LicenseKeyExpiryFirstAlert"/>
                <AlertDefinitionId id="AlertDefinition-VMWARE-VMViolateHardeningGuide6.5"/>
                <AlertDefinitionId id="AlertDefinition-vCenter Operations Adapter-VcopsEvalExpiryAlert"/>
                <AlertDefinitionId id="AlertDefinition-vCenter Operations Adapter-LicenseOverUsedAlert"/>
                <AlertDefinitionId id="AlertDefinition-vCenter Operations Adapter-LicenseIsRunningOutAlert"/>
                <AlertDefinitionId id="AlertDefinition-CIS-VM-VIRTUALMACHINE"/>
                <AlertDefinitionId id="AlertDefinition-VirtualAndPhysicalSANAdapter-VsanVirtualMachineViolatingHardeningGuide"/>
                <AlertDefinitionId id="AlertDefinition-VCenterViolate_PCI-DSS"/>
                <AlertDefinitionId id="AlertDefinition-DVPGViolate_PCI-DSS"/>
                <AlertDefinitionId id="AlertDefinition-DVSViolate_PCI-DSS"/>
                <AlertDefinitionId id="AlertDefinition-vCenter Operations Adapter-LicenseExpiredAlert"/>
                <AlertDefinitionId id="AlertDefinition-CIS-DVS-VMWAREDISTRIBUTEDVIRTUALSWITCH"/>
                <AlertDefinitionId id="AlertDefinition-HostViolate_PCI-DSS"/>
            </AlertDefinitionIds>
        </ComplianceScorecard>
    </ComplianceScorecards>
</scorecardContent>
