{
   "customGroups": 5,
   "reports": 3,
   "dashboardsByOwner": [
      {
         "owner": "a836e854-f3ff-433c-b0af-8cbc10243645",
         "count": 1
      },
      {
         "owner": "82136ef9-f744-48a6-911d-54edfafe651d",
         "count": 1
      },
      {
         "owner": "624358d8-1aff-4476-b0a7-667b430922de",
         "count": 13
      },
      {
         "owner": "33929b89-eab3-4f61-a3ca-671b7c927827",
         "count": 7
      }
   ],
   "superMetrics": 66,
   "signature": "v1:AgY1YE1G6Q1m9y8gsjikbA==:ywITl3lxBKOzoya4Ob1x2A==:4mdTXUjiWz7Lmf71JHcEACV+wNP+206N4U8BdRCKsbF1qfm13lvDxkRvuAstBjxR:1651159119",
   "type": "CUSTOM",
   "dashboards": 22,
   "recommendations": 1,
   "outboundSettings": 1,
   "userGroups": 4,
   "userRoles": 10,
   "configFiles": 7,
   "complianceScorecards": 1,
   "customProfiles": 2,
   "views": 22
}