{
   "customGroups": [
      {
         "resourceKind": "Manual Application",
         "membershipDefinition": {"ruleGroups": [{
            "resourceKind": "VirtualMachine",
            "adapterKind": "VMWARE",
            "rules": [{
               "ruleOperator": "CONTAINS",
               "tagCategory": "appowner",
               "ruleValue": "Kate",
               "ruleType": "ResourceTagRule"
            }]
         }]},
         "adapterKind": "Container",
         "autoResolveMembership": true,
         "name": "Aria-Operations-ExperienceDay",
         "description": "",
         "started": true,
         "policy": "7245d975-21d3-4c0b-a4a3-8eb7a3088aaa"
      },
      {
         "resourceKind": "Environment",
         "membershipDefinition": {"ruleGroups": [{"rules": [{
            "ruleOperator": "EQUALS",
            "tagCategory": "License",
            "ruleValue": "Linux",
            "ruleType": "ResourceTagRule"
         }]}]},
         "adapterKind": "Container",
         "autoResolveMembership": true,
         "name": "Linux Hosts",
         "description": "",
         "started": true,
         "policy": "d063ff59-81d9-40c4-b473-923dd0a768f0"
      },
      {
         "resourceKind": "Environment",
         "membershipDefinition": {"ruleGroups": [
            {
               "resourceKind": "VirtualMachine",
               "adapterKind": "VMWARE",
               "rules": [{
                  "ruleTravesalSpec": "vSphere Hosts and Clusters-VMWARE-vSphere World",
                  "ruleRelationshipType": "CHILD",
                  "ruleType": "RelationshipRule",
                  "ruleStringOperator": "EQUALS",
                  "ruleStringValue": "sfo01-w01-esx05.vmlab.se"
               }]
            },
            {"rules": [{
               "ruleTravesalSpec": "vSphere Hosts and Clusters-VMWARE-vSphere World",
               "ruleRelationshipType": "CHILD",
               "ruleType": "RelationshipRule",
               "ruleStringOperator": "EQUALS",
               "ruleStringValue": "sfo01-w01-esx07.vmlab.se"
            }]}
         ]},
         "adapterKind": "Container",
         "autoResolveMembership": true,
         "name": "VMS running on Linux hosts",
         "description": "",
         "started": true,
         "policy": "d063ff59-81d9-40c4-b473-923dd0a768f0"
      },
      {
         "resourceKind": "Environment",
         "membershipDefinition": {"ruleGroups": [
            {
               "resourceKind": "VirtualMachine",
               "adapterKind": "VMWARE",
               "rules": [{
                  "ruleOperator": "CONTAINS",
                  "tagCategory": "appowner",
                  "ruleValue": "Kate",
                  "ruleType": "ResourceTagRule"
               }]
            },
            {
               "resourceKind": "VirtualMachine",
               "adapterKind": "VMWARE",
               "rules": [{
                  "ruleOperator": "EXISTS",
                  "tagCategory": "problem",
                  "ruleValue": "",
                  "ruleType": "ResourceTagRule"
               }]
            }
         ]},
         "adapterKind": "Container",
         "autoResolveMembership": true,
         "name": "Ops Exp Day - CustomGroup",
         "description": "Looking for Appowner == Kate",
         "started": true,
         "policy": "f9700bb9-25bd-4a8d-8e15-c678f0dda966"
      },
      {
         "resourceKind": "Function",
         "membershipDefinition": {"ruleGroups": [
            {
               "resourceKind": "VirtualMachine",
               "adapterKind": "VMWARE",
               "rules": [{
                  "ruleType": "ResourceNameRule",
                  "ruleStringOperator": "CONTAINS",
                  "ruleStringValue": "sock"
               }]
            },
            {
               "resourceKind": "VirtualMachine",
               "adapterKind": "VMWARE",
               "rules": [{
                  "ruleOperator": "CONTAINS",
                  "tagCategory": "APPNAME",
                  "ruleValue": "sockshop",
                  "ruleType": "ResourceTagRule"
               }]
            },
            {
               "resourceKind": "VirtualMachine",
               "adapterKind": "VMWARE",
               "rules": [{
                  "ruleOperator": "CONTAINS",
                  "tagCategory": "APPNAME",
                  "ruleValue": "sockshop",
                  "ruleType": "ResourceTagRule"
               }]
            }
         ]},
         "adapterKind": "Container",
         "autoResolveMembership": true,
         "name": "SockShop Group",
         "description": "",
         "started": true,
         "policy": "29c2c786-bf94-4bea-92e7-8c99aa6b3dfe"
      }
   ],
   "customGroupTypes": [
      {
         "resourceKind": "Function",
         "localization": [
            {
               "resourceKindName": "Funktion",
               "locale": "de"
            },
            {
               "resourceKindName": "功能",
               "locale": "zh_TW"
            },
            {
               "resourceKindName": "기능",
               "locale": "ko"
            },
            {
               "resourceKindName": "機能",
               "locale": "ja"
            },
            {
               "resourceKindName": "Function",
               "locale": "en"
            },
            {
               "resourceKindName": "功能",
               "locale": "zh_CN"
            },
            {
               "resourceKindName": "Fonction",
               "locale": "fr"
            },
            {
               "resourceKindName": "Función",
               "locale": "es"
            }
         ]
      },
      {
         "resourceKind": "Manual Application",
         "localization": [
            {
               "resourceKindName": "Manuelle Anwendung",
               "locale": "de"
            },
            {
               "resourceKindName": "手動應用程式",
               "locale": "zh_TW"
            },
            {
               "resourceKindName": "수동 애플리케이션",
               "locale": "ko"
            },
            {
               "resourceKindName": "手動アプリケーション",
               "locale": "ja"
            },
            {
               "resourceKindName": "Manual Application",
               "locale": "en"
            },
            {
               "resourceKindName": "手动应用程序",
               "locale": "zh_CN"
            },
            {
               "resourceKindName": "Application manuelle",
               "locale": "fr"
            },
            {
               "resourceKindName": "Aplicación manual",
               "locale": "es"
            }
         ]
      },
      {
         "resourceKind": "Environment",
         "localization": [
            {
               "resourceKindName": "Umgebung",
               "locale": "de"
            },
            {
               "resourceKindName": "環境",
               "locale": "zh_TW"
            },
            {
               "resourceKindName": "환경",
               "locale": "ko"
            },
            {
               "resourceKindName": "環境",
               "locale": "ja"
            },
            {
               "resourceKindName": "Environment",
               "locale": "en"
            },
            {
               "resourceKindName": "环境",
               "locale": "zh_CN"
            },
            {
               "resourceKindName": "Environnement",
               "locale": "fr"
            },
            {
               "resourceKindName": "Entorno",
               "locale": "es"
            }
         ]
      }
   ]
}