{
   "23ac3b18-0938-40b1-acef-d984d24d274c": {
      "resourceKinds": [
         {
            "resourceKindKey": "CustomDatacenter",
            "adapterKindKey": "VMWARE"
         },
         {
            "resourceKindKey": "vSphere World",
            "adapterKindKey": "VMWARE"
         },
         {
            "resourceKindKey": "Datacenter",
            "adapterKindKey": "VMWARE"
         }
      ],
      "modificationTime": 1651057997556,
      "name": "Reclaimable vCPUs from Idle VMs",
      "formula": "sum(${adaptertype=VMWARE, objecttype=ClusterComputeResource, metric=reclaimable|idle_vms|cpu, depth=10})",
      "description": "",
      "unitId": "",
      "modifiedBy": "33929b89-eab3-4f61-a3ca-671b7c927827"
   },
   "8053e04e-6d6d-417c-8aac-bd146475e29d": {
      "resourceKinds": [
         {
            "resourceKindKey": "CustomDatacenter",
            "adapterKindKey": "VMWARE"
         },
         {
            "resourceKindKey": "ClusterComputeResource",
            "adapterKindKey": "VMWARE"
         },
         {
            "resourceKindKey": "vSphere World",
            "adapterKindKey": "VMWARE"
         },
         {
            "resourceKindKey": "Datacenter",
            "adapterKindKey": "VMWARE"
         }
      ],
      "modificationTime": 1651057998147,
      "name": "Cost Drivers - VM Direct Costs",
      "formula": "sum(${adaptertype=VMWARE, objecttype=VirtualMachine, attribute=cost|directCost, depth=10})",
      "description": "",
      "unitId": "currencymonth",
      "modifiedBy": "33929b89-eab3-4f61-a3ca-671b7c927827"
   },
   "6562cbd5-cd02-40df-ad89-2d109726404e": {
      "resourceKinds": [{
         "resourceKindKey": "ClusterComputeResource",
         "adapterKindKey": "VMWARE"
      }],
      "modificationTime": 1651057998168,
      "name": "Reclaimable Hosts Cost by Memory",
      "formula": "floor( ( ${this, metric=mem|host_provisioned} - ${this, metric=OnlineCapacityAnalytics|mem|demand|recommendedTotalSize} ) / ( ${this, metric=mem|host_provisioned} / ${this, metric=summary|total_number_hosts} ) ) * ( min( ${this, metric=cost|totalCost} ) / ${this, metric=summary|total_number_hosts} ) > 0 ? floor( ( ${this, metric=mem|host_provisioned} - ${this, metric=OnlineCapacityAnalytics|mem|demand|recommendedTotalSize} ) / ( ${this, metric=mem|host_provisioned} / ${this, metric=summary|total_number_hosts} ) ) * ( min( ${this, metric=cost|totalCost} ) / ${this, metric=summary|total_number_hosts} ) : 0",
      "description": "",
      "unitId": "currencymonth",
      "modifiedBy": "33929b89-eab3-4f61-a3ca-671b7c927827"
   },
   "ff55995f-9a89-4a0f-a1ea-b04be95d3335": {
      "resourceKinds": [
         {
            "resourceKindKey": "CustomDatacenter",
            "adapterKindKey": "VMWARE"
         },
         {
            "resourceKindKey": "vSphere World",
            "adapterKindKey": "VMWARE"
         },
         {
            "resourceKindKey": "Datacenter",
            "adapterKindKey": "VMWARE"
         }
      ],
      "modificationTime": 1651057998191,
      "name": "Potential Savings from Reclaimable Hosts",
      "formula": "sum(${adaptertype=VMWARE, objecttype=ClusterComputeResource, metric=Super Metric|sm_10957abc-8a45-456a-a979-d3233524e158, depth=10, where=\"Super Metric|sm_10957abc-8a45-456a-a979-d3233524e158 > 0\"})",
      "description": "",
      "unitId": "currencymonth",
      "modifiedBy": "33929b89-eab3-4f61-a3ca-671b7c927827"
   },
   "c7b28474-211e-4173-8d55-d283ce26f764": {
      "resourceKinds": [{
         "resourceKindKey": "VirtualMachine",
         "adapterKindKey": "VMWARE"
      }],
      "modificationTime": 1651057998208,
      "name": "Rightsize - Potential Memory Consumed Reclaimable (GB)",
      "formula": "${this, metric=summary|oversized} && ${this, metric=mem|consumed_average} > ${this, metric=config|hardware|memoryKB} - ${this, metric=summary|oversized|memory} ? (${this, metric=mem|consumed_average} - (${this, metric=config|hardware|memoryKB} - ${this, metric=summary|oversized|memory}))/1024/1024 : 0",
      "description": "",
      "unitId": "gb",
      "modifiedBy": "33929b89-eab3-4f61-a3ca-671b7c927827"
   },
   "ea9d7500-8703-453a-9d42-cdccf5b52461": {
      "resourceKinds": [
         {
            "resourceKindKey": "CustomDatacenter",
            "adapterKindKey": "VMWARE"
         },
         {
            "resourceKindKey": "ClusterComputeResource",
            "adapterKindKey": "VMWARE"
         },
         {
            "resourceKindKey": "vSphere World",
            "adapterKindKey": "VMWARE"
         },
         {
            "resourceKindKey": "Datacenter",
            "adapterKindKey": "VMWARE"
         }
      ],
      "modificationTime": 1651057998225,
      "name": "Rightsize - Memory to Add to Undersized VMs",
      "formula": "sum(${adaptertype=VMWARE, objecttype=VirtualMachine, metric=summary|undersized|memory, depth=10})/1024/1024",
      "description": "",
      "unitId": "gb",
      "modifiedBy": "33929b89-eab3-4f61-a3ca-671b7c927827"
   },
   "97a225ee-04f1-4e93-8bbd-ce2957802217": {
      "resourceKinds": [
         {
            "resourceKindKey": "CustomDatacenter",
            "adapterKindKey": "VMWARE"
         },
         {
            "resourceKindKey": "ClusterComputeResource",
            "adapterKindKey": "VMWARE"
         },
         {
            "resourceKindKey": "vSphere World",
            "adapterKindKey": "VMWARE"
         },
         {
            "resourceKindKey": "Datacenter",
            "adapterKindKey": "VMWARE"
         }
      ],
      "modificationTime": 1651057998244,
      "name": "Cost Drivers - Server Labor",
      "formula": "sum(${adaptertype=VMWARE, objecttype=HostSystem, metric=cost|hostLaborTotalCost, depth=10})",
      "description": "",
      "unitId": "currencymonth",
      "modifiedBy": "33929b89-eab3-4f61-a3ca-671b7c927827"
   },
   "0746cf60-1eb7-4b01-8898-cbac73d95476": {
      "resourceKinds": [],
      "modificationTime": 1651057998265,
      "name": "Lars - Sum CPU",
      "formula": "sum(${adaptertype=KubernetesAdapter, objecttype=Container, attribute=Cpu|Usage|Total, depth=1})",
      "description": "Sum of CPU usage of all containers in the Pod",
      "unitId": "",
      "modifiedBy": "33929b89-eab3-4f61-a3ca-671b7c927827"
   },
   "f72369a3-5145-45e8-9242-1742d6ac96d2": {
      "resourceKinds": [
         {
            "resourceKindKey": "CustomDatacenter",
            "adapterKindKey": "VMWARE"
         },
         {
            "resourceKindKey": "ClusterComputeResource",
            "adapterKindKey": "VMWARE"
         },
         {
            "resourceKindKey": "vSphere World",
            "adapterKindKey": "VMWARE"
         },
         {
            "resourceKindKey": "Datacenter",
            "adapterKindKey": "VMWARE"
         }
      ],
      "modificationTime": 1651057998274,
      "name": "Rightsize - Memory to Remove from Oversized VMs",
      "formula": "sum(${adaptertype=VMWARE, objecttype=VirtualMachine, metric=summary|oversized|memory, depth=10})/1024/1024",
      "description": "",
      "unitId": "gb",
      "modifiedBy": "33929b89-eab3-4f61-a3ca-671b7c927827"
   },
   "cd7ee797-83f9-42c8-88ad-41a67f770a43": {
      "resourceKinds": [{
         "resourceKindKey": "VirtualMachine",
         "adapterKindKey": "VMWARE"
      }],
      "modificationTime": 1651057998294,
      "name": "Potential Cost Savings from TRIM/UNMAP",
      "formula": "min(${adaptertype=VMWARE, objecttype=Datastore, metric=cost|storageRate, depth=1}) * ${this, metric=Super Metric|sm_7a8797b4-22af-4848-a121-84a8e9a0183c}",
      "description": "",
      "unitId": "currencymonth",
      "modifiedBy": "33929b89-eab3-4f61-a3ca-671b7c927827"
   },
   "2294d544-d6a4-44d5-945f-e22a7346acf2": {
      "resourceKinds": [
         {
            "resourceKindKey": "CustomDatacenter",
            "adapterKindKey": "VMWARE"
         },
         {
            "resourceKindKey": "ClusterComputeResource",
            "adapterKindKey": "VMWARE"
         },
         {
            "resourceKindKey": "vSphere World",
            "adapterKindKey": "VMWARE"
         },
         {
            "resourceKindKey": "Datacenter",
            "adapterKindKey": "VMWARE"
         }
      ],
      "modificationTime": 1651057998313,
      "name": "Cost Drivers - Facilities",
      "formula": "sum(${adaptertype=VMWARE, objecttype=HostSystem, metric=cost|facilitiesTotalCost, depth=10})",
      "description": "",
      "unitId": "currencymonth",
      "modifiedBy": "33929b89-eab3-4f61-a3ca-671b7c927827"
   },
   "0e0fc667-7ec1-4ecc-95c1-2eec0b1cff0d": {
      "resourceKinds": [
         {
            "resourceKindKey": "CustomDatacenter",
            "adapterKindKey": "VMWARE"
         },
         {
            "resourceKindKey": "ClusterComputeResource",
            "adapterKindKey": "VMWARE"
         },
         {
            "resourceKindKey": "vSphere World",
            "adapterKindKey": "VMWARE"
         },
         {
            "resourceKindKey": "Datacenter",
            "adapterKindKey": "VMWARE"
         }
      ],
      "modificationTime": 1651057998333,
      "name": "Cost Drivers - Server Hardware (Leased)",
      "formula": "sum(${adaptertype=VMWARE, objecttype=HostSystem, metric=cost|hardwareTotalCost, depth=10, where=\"cost|serverIsLeased equals true\"})",
      "description": "",
      "unitId": "currencymonth",
      "modifiedBy": "33929b89-eab3-4f61-a3ca-671b7c927827"
   },
   "9d345011-ac92-48f1-9984-80e167de0df8": {
      "resourceKinds": [
         {
            "resourceKindKey": "CustomDatacenter",
            "adapterKindKey": "VMWARE"
         },
         {
            "resourceKindKey": "ClusterComputeResource",
            "adapterKindKey": "VMWARE"
         },
         {
            "resourceKindKey": "vSphere World",
            "adapterKindKey": "VMWARE"
         },
         {
            "resourceKindKey": "Datacenter",
            "adapterKindKey": "VMWARE"
         }
      ],
      "modificationTime": 1651057998350,
      "name": "Potential Savings from Orphaned Disks",
      "formula": "sum(${adaptertype=VMWARE, objecttype=Datastore, metric=reclaimable|orphaned_disk|cost, depth=10})",
      "description": "",
      "unitId": "currencymonth",
      "modifiedBy": "33929b89-eab3-4f61-a3ca-671b7c927827"
   },
   "3934ac2b-0eb7-4c52-8378-85a0e52b5ce8": {
      "resourceKinds": [
         {
            "resourceKindKey": "CustomDatacenter",
            "adapterKindKey": "VMWARE"
         },
         {
            "resourceKindKey": "vSphere World",
            "adapterKindKey": "VMWARE"
         },
         {
            "resourceKindKey": "Datacenter",
            "adapterKindKey": "VMWARE"
         }
      ],
      "modificationTime": 1651057998368,
      "name": "Reclaimable Disk Space from Powered Off VMs",
      "formula": "sum(${adaptertype=VMWARE, objecttype=ClusterComputeResource, metric=reclaimable|poweredOff_vms|diskspace, depth=10})",
      "description": "",
      "unitId": "gb",
      "modifiedBy": "33929b89-eab3-4f61-a3ca-671b7c927827"
   },
   "3790bb5b-559d-4f31-a4b1-20e0f79c2c06": {
      "resourceKinds": [{
         "resourceKindKey": "VirtualMachine",
         "adapterKindKey": "VMWARE"
      }],
      "modificationTime": 1651057998384,
      "name": "Potential Disk Space Savings from Converting to Thin",
      "formula": "( max([${this, metric=guestfilesystem|usage_total},0]) > 0 && ${this, metric=diskspace|used} > max([${this, metric=guestfilesystem|usage_total},0]) && count(${this, attribute=config|hardware|thinEnabled, where=\"equals false\"}) && count(${adaptertype=VMWARE, objecttype=Datastore, metric=summary|type, depth=1, where=\"equals vsan\"}) == 0 ) ? ${this, metric=diskspace|used} - max([${this, metric=guestfilesystem|usage_total},0]) : 0",
      "description": "",
      "unitId": "gb",
      "modifiedBy": "33929b89-eab3-4f61-a3ca-671b7c927827"
   },
   "c5249b6f-cbfc-4718-8d1a-9e1654f2ecda": {
      "resourceKinds": [{
         "resourceKindKey": "Project",
         "adapterKindKey": "CASAdapter"
      }],
      "modificationTime": 1651057998402,
      "name": "SKATT-SM000001",
      "formula": "sum(${adaptertype=VMWARE, objecttype=VirtualMachine, metric=cost|effectiveTotalCost, depth=2})",
      "description": "BG & Reservations - VM Cost",
      "unitId": "",
      "modifiedBy": "33929b89-eab3-4f61-a3ca-671b7c927827"
   },
   "3cc4d662-692d-4885-934f-5b8760a561f8": {
      "resourceKinds": [
         {
            "resourceKindKey": "CustomDatacenter",
            "adapterKindKey": "VMWARE"
         },
         {
            "resourceKindKey": "ClusterComputeResource",
            "adapterKindKey": "VMWARE"
         },
         {
            "resourceKindKey": "vSphere World",
            "adapterKindKey": "VMWARE"
         },
         {
            "resourceKindKey": "Datacenter",
            "adapterKindKey": "VMWARE"
         }
      ],
      "modificationTime": 1651057998422,
      "name": "Rightsize - Potential Cost Savings Total",
      "formula": "sum(${adaptertype=VMWARE, objecttype=VirtualMachine, metric=Super Metric|sm_0e3d6099-d2a3-49b4-8c65-b84aea91e0e7, depth=10})",
      "description": "",
      "unitId": "currencymonth",
      "modifiedBy": "33929b89-eab3-4f61-a3ca-671b7c927827"
   },
   "39c00349-30ab-42e4-993d-446122aca7ba": {
      "resourceKinds": [
         {
            "resourceKindKey": "CustomDatacenter",
            "adapterKindKey": "VMWARE"
         },
         {
            "resourceKindKey": "ClusterComputeResource",
            "adapterKindKey": "VMWARE"
         },
         {
            "resourceKindKey": "vSphere World",
            "adapterKindKey": "VMWARE"
         },
         {
            "resourceKindKey": "Datacenter",
            "adapterKindKey": "VMWARE"
         }
      ],
      "modificationTime": 1651057998437,
      "name": "Number of Fully Depreciated Servers",
      "formula": "count(${adaptertype=VMWARE, objecttype=HostSystem, metric=cost|hardwareTotalCost, depth=10, where=(${metric=cost|serverIsLeased} equals 'false' && ${metric=cost|hardwareTotalCost} == 0) })",
      "description": "",
      "unitId": "",
      "modifiedBy": "33929b89-eab3-4f61-a3ca-671b7c927827"
   },
   "0e3d6099-d2a3-49b4-8c65-b84aea91e0e7": {
      "resourceKinds": [{
         "resourceKindKey": "VirtualMachine",
         "adapterKindKey": "VMWARE"
      }],
      "modificationTime": 1651057998455,
      "name": "Rightsize - Potential Cost Savings",
      "formula": "( max( ${adaptertype=VMWARE, objecttype=ClusterComputeResource, metric=cost|allocation|allocationBasedCpuBaseRate, depth=-2} ) > 0 ? ${this, metric=summary|oversized|vcpus} * max( ${adaptertype=VMWARE, objecttype=ClusterComputeResource, metric=cost|allocation|allocationBasedCpuBaseRate, depth=-2} ) : ${this, metric=Super Metric|sm_ab378c76-0dce-4c09-ad8d-1c9ff8540882} * max( ${adaptertype=VMWARE, objecttype=ClusterComputeResource, metric=cost|cpuBaseRate, depth=-2} ) ) + ( max( ${adaptertype=VMWARE, objecttype=ClusterComputeResource, metric=cost|allocation|allocationBasedMemoryBaseRate, depth=-2} ) > 0 ? ( ${this, metric=summary|oversized|memory}/1024/1024 ) * max( ${adaptertype=VMWARE, objecttype=ClusterComputeResource, metric=cost|allocation|allocationBasedMemoryBaseRate, depth=-2} ) : ${this, metric=Super Metric|sm_c7b28474-211e-4173-8d55-d283ce26f764} * max( ${adaptertype=VMWARE, objecttype=ClusterComputeResource, metric=cost|memoryBaseRate, depth=-2} ) )",
      "description": "",
      "unitId": "currencymonth",
      "modifiedBy": "33929b89-eab3-4f61-a3ca-671b7c927827"
   },
   "28733a23-f6bc-4eb8-85ed-4e8e85058023": {
      "resourceKinds": [{
         "resourceKindKey": "vSphere World",
         "adapterKindKey": "VMWARE"
      }],
      "modificationTime": 1651057998475,
      "name": "VMs Remaining (Average VM Size)",
      "formula": "sum(${adaptertype=VMWARE, objecttype=Datacenter, metric=OnlineCapacityAnalytics|capacityRemainingProfile, depth=10})",
      "description": "",
      "unitId": "",
      "modifiedBy": "33929b89-eab3-4f61-a3ca-671b7c927827"
   },
   "52a66b1a-06a7-4c5a-83d8-2dc770c952d2": {
      "resourceKinds": [
         {
            "resourceKindKey": "CustomDatacenter",
            "adapterKindKey": "VMWARE"
         },
         {
            "resourceKindKey": "vSphere World",
            "adapterKindKey": "VMWARE"
         },
         {
            "resourceKindKey": "Datacenter",
            "adapterKindKey": "VMWARE"
         }
      ],
      "modificationTime": 1651057998496,
      "name": "Reclaimable Memory from Idle VMs",
      "formula": "sum(${adaptertype=VMWARE, objecttype=ClusterComputeResource, metric=reclaimable|idle_vms|mem, depth=10})/1024/1024",
      "description": "",
      "unitId": "gb",
      "modifiedBy": "33929b89-eab3-4f61-a3ca-671b7c927827"
   },
   "f2f5ddb2-9050-4afb-ad15-d90c722e2e8b": {
      "resourceKinds": [{
         "resourceKindKey": "VirtualMachine",
         "adapterKindKey": "VMWARE"
      }],
      "modificationTime": 1651057998513,
      "name": "Context Swap Rate Total Capacity",
      "formula": "${this, metric=config|hardware|num_Cpu} * 15000",
      "description": "",
      "unitId": "",
      "modifiedBy": "33929b89-eab3-4f61-a3ca-671b7c927827"
   },
   "89cd8f91-2bd0-417e-8e2c-c4eeb2200f65": {
      "resourceKinds": [{
         "resourceKindKey": "VirtualMachine",
         "adapterKindKey": "VMWARE"
      }],
      "modificationTime": 1651057998535,
      "name": "Rightsize - Potential Cost Increase",
      "formula": "( max( ${adaptertype=VMWARE, objecttype=ClusterComputeResource, metric=cost|allocation|allocationBasedCpuBaseRate, depth=-2} ) > 0 ? ${this, metric=summary|undersized|vcpus} * max( ${adaptertype=VMWARE, objecttype=ClusterComputeResource, metric=cost|allocation|allocationBasedCpuBaseRate, depth=-2} ) : ${this, metric=Super Metric|sm_f969e72d-7775-44d7-973a-c92319fcd08b} * max( ${adaptertype=VMWARE, objecttype=ClusterComputeResource, metric=cost|cpuBaseRate, depth=-2} ) ) + ( max( ${adaptertype=VMWARE, objecttype=ClusterComputeResource, metric=cost|allocation|allocationBasedMemoryBaseRate, depth=-2} ) > 0 ? ( ${this, metric=summary|undersized|memory}/1024/1024 ) * max( ${adaptertype=VMWARE, objecttype=ClusterComputeResource, metric=cost|allocation|allocationBasedMemoryBaseRate, depth=-2} ) : ${this, metric=Super Metric|sm_bac94c64-ebd3-40a6-992e-7fd1b4d480b4} * max( ${adaptertype=VMWARE, objecttype=ClusterComputeResource, metric=cost|memoryBaseRate, depth=-2} ) )",
      "description": "",
      "unitId": "currencymonth",
      "modifiedBy": "33929b89-eab3-4f61-a3ca-671b7c927827"
   },
   "8620f2b2-13d9-4b64-b23b-f1c177497cc4": {
      "resourceKinds": [{
         "resourceKindKey": "ClusterComputeResource",
         "adapterKindKey": "VMWARE"
      }],
      "modificationTime": 1651057998557,
      "name": "Reclaimable Hosts by Memory",
      "formula": "floor( ( ${this, metric=mem|host_provisioned} - ${this, metric=OnlineCapacityAnalytics|mem|demand|recommendedTotalSize} ) / ( ${this, metric=mem|host_provisioned} / ${this, metric=summary|total_number_hosts} ) ) > 0 ? floor( ( ${this, metric=mem|host_provisioned} - ${this, metric=OnlineCapacityAnalytics|mem|demand|recommendedTotalSize} ) / ( ${this, metric=mem|host_provisioned} / ${this, metric=summary|total_number_hosts} ) ) : 0",
      "description": "",
      "unitId": "",
      "modifiedBy": "33929b89-eab3-4f61-a3ca-671b7c927827"
   },
   "b6fdef1f-79ca-4241-9017-1f782874bb72": {
      "resourceKinds": [
         {
            "resourceKindKey": "CustomDatacenter",
            "adapterKindKey": "VMWARE"
         },
         {
            "resourceKindKey": "ClusterComputeResource",
            "adapterKindKey": "VMWARE"
         },
         {
            "resourceKindKey": "vSphere World",
            "adapterKindKey": "VMWARE"
         },
         {
            "resourceKindKey": "Datacenter",
            "adapterKindKey": "VMWARE"
         }
      ],
      "modificationTime": 1651057998577,
      "name": "Cost Drivers - Host OS License",
      "formula": "sum(${adaptertype=VMWARE, objecttype=HostSystem, metric=cost|hostOslTotalCost, depth=10})",
      "description": "",
      "unitId": "currencymonth",
      "modifiedBy": "33929b89-eab3-4f61-a3ca-671b7c927827"
   },
   "77696a4e-f20f-48ea-8b71-ffce3832a486": {
      "resourceKinds": [{
         "resourceKindKey": "vSphere World",
         "adapterKindKey": "VMWARE"
      }],
      "modificationTime": 1651057998598,
      "name": "Potential Savings from VM Snapshots",
      "formula": "sum(${adaptertype=VMWARE, objecttype=Datacenter, metric=reclaimable|vm_snapshots|cost, depth=10})",
      "description": "",
      "unitId": "currencymonth",
      "modifiedBy": "33929b89-eab3-4f61-a3ca-671b7c927827"
   },
   "7a8797b4-22af-4848-a121-84a8e9a0183c": {
      "resourceKinds": [{
         "resourceKindKey": "VirtualMachine",
         "adapterKindKey": "VMWARE"
      }],
      "modificationTime": 1651057998617,
      "name": "Potential Disk Space Savings from TRIM/UNMAP",
      "formula": "( max([${this, metric=guestfilesystem|usage_total},0]) > 0 && ${this, metric=diskspace|used} > max([${this, metric=guestfilesystem|usage_total},0]) && count(${this, attribute=config|hardware|thinEnabled, where=\"equals true\"}) && count(${adaptertype=VMWARE, objecttype=Datastore, metric=summary|type, depth=1, where=\"equals vsan\"}) == 0 ) ? ${this, metric=diskspace|used} - max([${this, metric=guestfilesystem|usage_total},0]) : 0",
      "description": "",
      "unitId": "gb",
      "modifiedBy": "33929b89-eab3-4f61-a3ca-671b7c927827"
   },
   "6c249363-d801-4bbc-a2dc-5a3e2f1d0e32": {
      "resourceKinds": [
         {
            "resourceKindKey": "CustomDatacenter",
            "adapterKindKey": "VMWARE"
         },
         {
            "resourceKindKey": "ClusterComputeResource",
            "adapterKindKey": "VMWARE"
         },
         {
            "resourceKindKey": "vSphere World",
            "adapterKindKey": "VMWARE"
         },
         {
            "resourceKindKey": "Datacenter",
            "adapterKindKey": "VMWARE"
         }
      ],
      "modificationTime": 1651057998640,
      "name": "Total Server Remaining Depreciation",
      "formula": "sum(${adaptertype=VMWARE, objecttype=HostSystem, metric=cost|serverPurchaseCost, depth=10, where=\"cost|serverIsLeased equals false\"}) - sum(${adaptertype=VMWARE, objecttype=HostSystem, metric=cost|accumulatedDepreciation, depth=10})",
      "description": "",
      "unitId": "currency",
      "modifiedBy": "33929b89-eab3-4f61-a3ca-671b7c927827"
   },
   "ad36a282-5860-4a11-8e21-16c21e174c67": {
      "resourceKinds": [{
         "resourceKindKey": "VirtualMachine",
         "adapterKindKey": "VMWARE"
      }],
      "modificationTime": 1651057998661,
      "name": "JD - NUMA Opt - Opt VM Cores per Socket",
      "formula": "ceil(${this, metric=config|hardware|numCpu})/((${this, metric=config|hardware|memoryKB}/1024/1024) <= (sum(${adaptertype=VMWARE, objecttype=HostSystem, metric=hardware|memorySize, depth=-1})/1024/1024)/sum(${adaptertype=VMWARE, objecttype=HostSystem, attribute=hardware|cpuInfo|numCpuPackages, depth=-1})      ?  ((${this, metric=config|hardware|numCpu} as vmCPUs) % 2           ?  vmCPUs          : vmCPUs + 1)  <=     (sum(${adaptertype=VMWARE, objecttype=HostSystem, attribute=hardware|cpuInfo|numCpuCores, depth=-1}) / sum(${adaptertype=VMWARE, objecttype=HostSystem, metric=hardware|cpuInfo|numCpuPackages,      depth=-1}))           ?             1           : ceil(vmCPUs/(sum(${adaptertype=VMWARE, objecttype=HostSystem, attribute=hardware|cpuInfo|numCpuCores, depth=-1}) / sum(${adaptertype=VMWARE, objecttype=HostSystem, metric=hardware|cpuInfo|numCpuPackages, depth=-1})))     : ceil((${this, metric=config|hardware|memoryKB}/1024/1024) / ((sum(${adaptertype=VMWARE, objecttype=HostSystem, metric=hardware|memorySize, depth=-1})/1024/1024)/sum(${adaptertype=VMWARE, objecttype=HostSystem, attribute=hardware|cpuInfo|numCpuPackages, depth=-1}))))",
      "description": "",
      "unitId": "",
      "modifiedBy": "33929b89-eab3-4f61-a3ca-671b7c927827"
   },
   "f2457468-8f3a-49b3-9a77-bec2394cbdff": {
      "resourceKinds": [
         {
            "resourceKindKey": "CustomDatacenter",
            "adapterKindKey": "VMWARE"
         },
         {
            "resourceKindKey": "vSphere World",
            "adapterKindKey": "VMWARE"
         },
         {
            "resourceKindKey": "Datacenter",
            "adapterKindKey": "VMWARE"
         }
      ],
      "modificationTime": 1651057998682,
      "name": "Number of Reclaimable Hosts",
      "formula": "sum(${adaptertype=VMWARE, objecttype=ClusterComputeResource, metric=Super Metric|sm_bfab4837-a74e-4fe6-b63d-3bb47bc9c729, depth=10, where=\"Super Metric|sm_bfab4837-a74e-4fe6-b63d-3bb47bc9c729 > 0\"})",
      "description": "",
      "unitId": "",
      "modifiedBy": "33929b89-eab3-4f61-a3ca-671b7c927827"
   },
   "1ef542c6-1e76-4cda-b810-64a2b6046b19": {
      "resourceKinds": [
         {
            "resourceKindKey": "CustomDatacenter",
            "adapterKindKey": "VMWARE"
         },
         {
            "resourceKindKey": "ClusterComputeResource",
            "adapterKindKey": "VMWARE"
         },
         {
            "resourceKindKey": "vSphere World",
            "adapterKindKey": "VMWARE"
         },
         {
            "resourceKindKey": "Datacenter",
            "adapterKindKey": "VMWARE"
         }
      ],
      "modificationTime": 1651057998699,
      "name": "Cost Drivers - Storage",
      "formula": "sum(${adaptertype=VMWARE, objecttype=Datastore, metric=cost|totalCost, depth=10})",
      "description": "",
      "unitId": "currencymonth",
      "modifiedBy": "33929b89-eab3-4f61-a3ca-671b7c927827"
   },
   "9eb1d16b-b645-41f5-8588-04bc6385838b": {
      "resourceKinds": [
         {
            "resourceKindKey": "CustomDatacenter",
            "adapterKindKey": "VMWARE"
         },
         {
            "resourceKindKey": "ClusterComputeResource",
            "adapterKindKey": "VMWARE"
         },
         {
            "resourceKindKey": "vSphere World",
            "adapterKindKey": "VMWARE"
         },
         {
            "resourceKindKey": "Datacenter",
            "adapterKindKey": "VMWARE"
         }
      ],
      "modificationTime": 1651057998714,
      "name": "Total Server Purchase Cost",
      "formula": "sum(${adaptertype=VMWARE, objecttype=HostSystem, metric=cost|serverPurchaseCost, depth=10, where=\"cost|serverIsLeased equals false\"})",
      "description": "",
      "unitId": "currency",
      "modifiedBy": "33929b89-eab3-4f61-a3ca-671b7c927827"
   },
   "06488d0c-07b4-4680-99e9-a5f15259c9c2": {
      "resourceKinds": [
         {
            "resourceKindKey": "CustomDatacenter",
            "adapterKindKey": "VMWARE"
         },
         {
            "resourceKindKey": "ClusterComputeResource",
            "adapterKindKey": "VMWARE"
         },
         {
            "resourceKindKey": "vSphere World",
            "adapterKindKey": "VMWARE"
         },
         {
            "resourceKindKey": "Datacenter",
            "adapterKindKey": "VMWARE"
         }
      ],
      "modificationTime": 1651057998733,
      "name": "Rightsize - Potential Cost Increase Total",
      "formula": "sum(${adaptertype=VMWARE, objecttype=VirtualMachine, metric=Super Metric|sm_89cd8f91-2bd0-417e-8e2c-c4eeb2200f65, depth=10})",
      "description": "",
      "unitId": "currencymonth",
      "modifiedBy": "33929b89-eab3-4f61-a3ca-671b7c927827"
   },
   "a0a0e7d3-b2fa-4db6-b5d4-59715b22c9af": {
      "resourceKinds": [{
         "resourceKindKey": "VirtualMachine",
         "adapterKindKey": "VMWARE"
      }],
      "modificationTime": 1651057998752,
      "name": "bgronas",
      "formula": "sum(${adaptertype=VMWARE, objecttype=VirtualMachine, attribute=virtualDisk|write_average, depth=1})/sum(${adaptertype=VMWARE, objecttype=VirtualMachine,\nattribute=config|hardware|diskSpace, depth=1})",
      "description": "",
      "unitId": "",
      "modifiedBy": "33929b89-eab3-4f61-a3ca-671b7c927827"
   },
   "25b230eb-363b-4eed-aa0c-2e61a5485044": {
      "resourceKinds": [{
         "resourceKindKey": "ClusterComputeResource",
         "adapterKindKey": "VMWARE"
      }],
      "modificationTime": 1651057998770,
      "name": "Reclaimable Hosts Cost by CPU",
      "formula": "floor( ( ${this, metric=cpu|capacity_provisioned} - ${this, metric=OnlineCapacityAnalytics|cpu|demand|recommendedTotalSize} ) / ( ${this, metric=cpu|capacity_provisioned} / ${this, metric=summary|total_number_hosts} ) ) * ( min( ${this, metric=cost|totalCost} ) / ${this, metric=summary|total_number_hosts} ) > 0 ? floor( ( ${this, metric=cpu|capacity_provisioned} - ${this, metric=OnlineCapacityAnalytics|cpu|demand|recommendedTotalSize} ) / ( ${this, metric=cpu|capacity_provisioned} / ${this, metric=summary|total_number_hosts} ) ) * ( min( ${this, metric=cost|totalCost} ) / ${this, metric=summary|total_number_hosts} ) : 0",
      "description": "",
      "unitId": "currencymonth",
      "modifiedBy": "33929b89-eab3-4f61-a3ca-671b7c927827"
   },
   "f969e72d-7775-44d7-973a-c92319fcd08b": {
      "resourceKinds": [{
         "resourceKindKey": "VirtualMachine",
         "adapterKindKey": "VMWARE"
      }],
      "modificationTime": 1651057998789,
      "name": "Rightsize - Potential CPU Usage Increase (GHz)",
      "formula": "(${this, metric=summary|undersized} && ${this, metric=cpu|demandmhz} > ${this, metric=cpu|usagemhz_average}) ? (${this, metric=cpu|demandmhz} - ${this, metric=cpu|usagemhz_average}) / 1000 : 0",
      "description": "",
      "unitId": "ghz",
      "modifiedBy": "33929b89-eab3-4f61-a3ca-671b7c927827"
   },
   "49855c83-3744-438f-8fbc-954c87497649": {
      "resourceKinds": [
         {
            "resourceKindKey": "CustomDatacenter",
            "adapterKindKey": "VMWARE"
         },
         {
            "resourceKindKey": "ClusterComputeResource",
            "adapterKindKey": "VMWARE"
         },
         {
            "resourceKindKey": "vSphere World",
            "adapterKindKey": "VMWARE"
         },
         {
            "resourceKindKey": "Datacenter",
            "adapterKindKey": "VMWARE"
         }
      ],
      "modificationTime": 1651057998808,
      "name": "Rightsize - vCPUs to Add to Undersized VMs",
      "formula": "sum(${adaptertype=VMWARE, objecttype=VirtualMachine, metric=summary|undersized|vcpus, depth=10})",
      "description": "",
      "unitId": "",
      "modifiedBy": "33929b89-eab3-4f61-a3ca-671b7c927827"
   },
   "b171c775-d58b-4bcc-ad97-943a683805f2": {
      "resourceKinds": [
         {
            "resourceKindKey": "CustomDatacenter",
            "adapterKindKey": "VMWARE"
         },
         {
            "resourceKindKey": "ClusterComputeResource",
            "adapterKindKey": "VMWARE"
         },
         {
            "resourceKindKey": "vSphere World",
            "adapterKindKey": "VMWARE"
         },
         {
            "resourceKindKey": "Datacenter",
            "adapterKindKey": "VMWARE"
         }
      ],
      "modificationTime": 1651057998826,
      "name": "Cost Drivers - Server Hardware (Owned)",
      "formula": "sum(${adaptertype=VMWARE, objecttype=HostSystem, metric=cost|hardwareTotalCost, depth=10, where=\"cost|serverIsLeased equals false\"})",
      "description": "",
      "unitId": "currencymonth",
      "modifiedBy": "33929b89-eab3-4f61-a3ca-671b7c927827"
   },
   "081acdd5-8ba1-4ee1-b855-b72c7a753b43": {
      "resourceKinds": [{
         "resourceKindKey": "ClusterComputeResource",
         "adapterKindKey": "VMWARE"
      }],
      "modificationTime": 1651057998845,
      "name": "Reclaimable Hosts by CPU",
      "formula": "floor( ( ${this, metric=cpu|capacity_provisioned} - ${this, metric=OnlineCapacityAnalytics|cpu|demand|recommendedTotalSize} ) / ( ${this, metric=cpu|capacity_provisioned} / ${this, metric=summary|total_number_hosts} ) ) > 0 ? floor( ( ${this, metric=cpu|capacity_provisioned} - ${this, metric=OnlineCapacityAnalytics|cpu|demand|recommendedTotalSize} ) / ( ${this, metric=cpu|capacity_provisioned} / ${this, metric=summary|total_number_hosts} ) ) : 0",
      "description": "",
      "unitId": "",
      "modifiedBy": "33929b89-eab3-4f61-a3ca-671b7c927827"
   },
   "825031b6-5bef-435a-8e07-4171234f7a03": {
      "resourceKinds": [{
         "resourceKindKey": "VirtualMachine",
         "adapterKindKey": "VMWARE"
      }],
      "modificationTime": 1651057998868,
      "name": "Potential Cost Savings from Converting to Thin",
      "formula": "min(${adaptertype=VMWARE, objecttype=Datastore, metric=cost|storageRate, depth=1}) * ${this, metric=Super Metric|sm_3790bb5b-559d-4f31-a4b1-20e0f79c2c06}",
      "description": "",
      "unitId": "currencymonth",
      "modifiedBy": "33929b89-eab3-4f61-a3ca-671b7c927827"
   },
   "ab378c76-0dce-4c09-ad8d-1c9ff8540882": {
      "resourceKinds": [{
         "resourceKindKey": "VirtualMachine",
         "adapterKindKey": "VMWARE"
      }],
      "modificationTime": 1651057998885,
      "name": "Rightsize - Potential CPU Usage Reclaimable (GHz)",
      "formula": "0",
      "description": "",
      "unitId": "ghz",
      "modifiedBy": "33929b89-eab3-4f61-a3ca-671b7c927827"
   },
   "20f38eb6-7d3c-435f-8552-9c177cf2a5c6": {
      "resourceKinds": [
         {
            "resourceKindKey": "CustomDatacenter",
            "adapterKindKey": "VMWARE"
         },
         {
            "resourceKindKey": "ClusterComputeResource",
            "adapterKindKey": "VMWARE"
         },
         {
            "resourceKindKey": "vSphere World",
            "adapterKindKey": "VMWARE"
         },
         {
            "resourceKindKey": "Datacenter",
            "adapterKindKey": "VMWARE"
         }
      ],
      "modificationTime": 1651057998904,
      "name": "Total Server Accumulated Depreciation",
      "formula": "sum(${adaptertype=VMWARE, objecttype=HostSystem, metric=cost|accumulatedDepreciation, depth=10})",
      "description": "",
      "unitId": "currency",
      "modifiedBy": "33929b89-eab3-4f61-a3ca-671b7c927827"
   },
   "c2647428-60dc-49aa-9170-facff9525352": {
      "resourceKinds": [
         {
            "resourceKindKey": "CustomDatacenter",
            "adapterKindKey": "VMWARE"
         },
         {
            "resourceKindKey": "ClusterComputeResource",
            "adapterKindKey": "VMWARE"
         },
         {
            "resourceKindKey": "vSphere World",
            "adapterKindKey": "VMWARE"
         },
         {
            "resourceKindKey": "Datacenter",
            "adapterKindKey": "VMWARE"
         }
      ],
      "modificationTime": 1651057998926,
      "name": "Cost Drivers - Network",
      "formula": "sum(${adaptertype=VMWARE, objecttype=HostSystem, metric=cost|networkTotalCost, depth=10})",
      "description": "",
      "unitId": "currencymonth",
      "modifiedBy": "33929b89-eab3-4f61-a3ca-671b7c927827"
   },
   "3145b719-6cf7-4070-92e6-3a2498478821": {
      "resourceKinds": [
         {
            "resourceKindKey": "CustomDatacenter",
            "adapterKindKey": "VMWARE"
         },
         {
            "resourceKindKey": "vSphere World",
            "adapterKindKey": "VMWARE"
         },
         {
            "resourceKindKey": "Datacenter",
            "adapterKindKey": "VMWARE"
         }
      ],
      "modificationTime": 1651057998948,
      "name": "Reclaimable Disk Space from VM Snapshots",
      "formula": "sum(${adaptertype=VMWARE, objecttype=ClusterComputeResource, metric=reclaimable|vm_snapshots|diskspace, depth=10})",
      "description": "",
      "unitId": "gb",
      "modifiedBy": "33929b89-eab3-4f61-a3ca-671b7c927827"
   },
   "740a9494-6935-4e88-aa93-1dea711db0b8": {
      "resourceKinds": [{
         "resourceKindKey": "VirtualMachine",
         "adapterKindKey": "VMWARE"
      }],
      "modificationTime": 1651057998966,
      "name": "CPU Queue Total Capacity",
      "formula": "${this, metric=config|hardware|num_Cpu} * 2",
      "description": "",
      "unitId": "",
      "modifiedBy": "33929b89-eab3-4f61-a3ca-671b7c927827"
   },
   "05e88f88-b618-43ac-abfa-c99513de251f": {
      "resourceKinds": [{
         "resourceKindKey": "vSphere World",
         "adapterKindKey": "VMWARE"
      }],
      "modificationTime": 1651057998984,
      "name": "\u200bTotal Cost of Ownership  with Potential Savings and Optimizations",
      "formula": "${this, metric=cost|total_aggregated_cost} - max([${this, metric=Super Metric|sm_843b35a1-36a6-45b2-b2ca-2002968d89a4},0]) - max([${this, metric=Super Metric|sm_fc817400-5e34-4785-8d94-60a54d04de42},0]) - max([${this, metric=Super Metric|sm_77696a4e-f20f-48ea-8b71-ffce3832a486},0]) - max([${this, metric=Super Metric|sm_9d345011-ac92-48f1-9984-80e167de0df8},0]) - max([${this, metric=Super Metric|sm_3cc4d662-692d-4885-934f-5b8760a561f8},0]) - max([${this, metric=Super Metric|sm_ff55995f-9a89-4a0f-a1ea-b04be95d3335},0]) + max([${this, metric=Super Metric|sm_06488d0c-07b4-4680-99e9-a5f15259c9c2},0])",
      "description": "",
      "unitId": "currencymonth",
      "modifiedBy": "33929b89-eab3-4f61-a3ca-671b7c927827"
   },
   "fd57f7e0-7646-4e4f-82e5-46064d0b6085": {
      "resourceKinds": [
         {
            "resourceKindKey": "CustomDatacenter",
            "adapterKindKey": "VMWARE"
         },
         {
            "resourceKindKey": "vSphere World",
            "adapterKindKey": "VMWARE"
         },
         {
            "resourceKindKey": "Datacenter",
            "adapterKindKey": "VMWARE"
         }
      ],
      "modificationTime": 1651057999005,
      "name": "Reclaimable Disk Space from Idle VMs",
      "formula": "sum(${adaptertype=VMWARE, objecttype=ClusterComputeResource, metric=reclaimable|idle_vms|diskspace, depth=10})",
      "description": "",
      "unitId": "gb",
      "modifiedBy": "33929b89-eab3-4f61-a3ca-671b7c927827"
   },
   "7683bcf3-26c7-4f5e-ac0d-e214d718128a": {
      "resourceKinds": [{
         "resourceKindKey": "VirtualMachine",
         "adapterKindKey": "VMWARE"
      }],
      "modificationTime": 1651057999022,
      "name": "JD - NUMA Opt - Opt VM Sockets",
      "formula": "(${this, metric=config|hardware|memoryKB}/1024/1024) <= (sum(${adaptertype=VMWARE, objecttype=HostSystem, metric=hardware|memorySize, depth=-1})/1024/1024)/sum(${adaptertype=VMWARE, objecttype=HostSystem, attribute=hardware|cpuInfo|numCpuPackages, depth=-1})      ?  ((${this, metric=config|hardware|numCpu} as vmCPUs) % 2           ?  vmCPUs          : vmCPUs + 1)  <=     (sum(${adaptertype=VMWARE, objecttype=HostSystem, attribute=hardware|cpuInfo|numCpuCores, depth=-1}) / sum(${adaptertype=VMWARE, objecttype=HostSystem, metric=hardware|cpuInfo|numCpuPackages,      depth=-1}))           ?             1           : ceil(vmCPUs/(sum(${adaptertype=VMWARE, objecttype=HostSystem, attribute=hardware|cpuInfo|numCpuCores, depth=-1}) / sum(${adaptertype=VMWARE, objecttype=HostSystem, metric=hardware|cpuInfo|numCpuPackages, depth=-1})))     : ceil((${this, metric=config|hardware|memoryKB}/1024/1024) / ((sum(${adaptertype=VMWARE, objecttype=HostSystem, metric=hardware|memorySize, depth=-1})/1024/1024)/sum(${adaptertype=VMWARE, objecttype=HostSystem, attribute=hardware|cpuInfo|numCpuPackages, depth=-1})))",
      "description": "",
      "unitId": "",
      "modifiedBy": "33929b89-eab3-4f61-a3ca-671b7c927827"
   },
   "4ea3d18c-b613-4662-a173-b6ce6bb1c7bb": {
      "resourceKinds": [{
         "resourceKindKey": "VirtualMachine",
         "adapterKindKey": "VMWARE"
      }],
      "modificationTime": 1651057999043,
      "name": "VM parent host socket count",
      "formula": "sum(${adaptertype=VMWARE, objecttype=HostSystem, attribute=hardware|cpuInfo|numCpuPackages, depth=-1})",
      "description": "",
      "unitId": "",
      "modifiedBy": "33929b89-eab3-4f61-a3ca-671b7c927827"
   },
   "2113522b-fb2f-4aea-98af-cef4f8fcda77": {
      "resourceKinds": [
         {
            "resourceKindKey": "vSphere World",
            "adapterKindKey": "VMWARE"
         },
         {
            "resourceKindKey": "Storage Tier",
            "adapterKindKey": "Container"
         }
      ],
      "modificationTime": 1651057999061,
      "name": "Cost of Storage Capacity Used",
      "formula": "sum(${adaptertype=VMWARE, objecttype=Datastore, metric=cost|effectiveAllocatedTotalCost, depth=10})",
      "description": "",
      "unitId": "currencymonth",
      "modifiedBy": "33929b89-eab3-4f61-a3ca-671b7c927827"
   },
   "fc817400-5e34-4785-8d94-60a54d04de42": {
      "resourceKinds": [{
         "resourceKindKey": "vSphere World",
         "adapterKindKey": "VMWARE"
      }],
      "modificationTime": 1651057999077,
      "name": "Potential Savings from Powered Off VMs",
      "formula": "sum(${adaptertype=VMWARE, objecttype=Datacenter, metric=reclaimable|poweredOff_vms|cost, depth=10})",
      "description": "",
      "unitId": "currencymonth",
      "modifiedBy": "33929b89-eab3-4f61-a3ca-671b7c927827"
   },
   "93b01209-d46c-46c4-af12-cc7037d3bc78": {
      "resourceKinds": [{
         "resourceKindKey": "vSphere World",
         "adapterKindKey": "VMWARE"
      }],
      "modificationTime": 1651057999093,
      "name": "Potential Savings and Optimization Opportunities",
      "formula": "floor(( 1 - ( ${this, metric=Super Metric|sm_05e88f88-b618-43ac-abfa-c99513de251f} / ${this, metric=cost|total_aggregated_cost} ) ) * 10000 + 0.5 ) / 100",
      "description": "",
      "unitId": "percent",
      "modifiedBy": "33929b89-eab3-4f61-a3ca-671b7c927827"
   },
   "10957abc-8a45-456a-a979-d3233524e158": {
      "resourceKinds": [{
         "resourceKindKey": "ClusterComputeResource",
         "adapterKindKey": "VMWARE"
      }],
      "modificationTime": 1651057999115,
      "name": "Reclaimable Hosts Cost",
      "formula": "floor( min([ ( ${this, metric=cpu|capacity_provisioned} - ${this, metric=OnlineCapacityAnalytics|cpu|demand|recommendedTotalSize} ) / ( ${this, metric=cpu|capacity_provisioned} / ${this, metric=summary|total_number_hosts} ), ( ${this, metric=mem|host_provisioned} - ${this, metric=OnlineCapacityAnalytics|mem|demand|recommendedTotalSize} ) / ( ${this, metric=mem|host_provisioned} / ${this, metric=summary|total_number_hosts} ) ] ) ) * ( min( ${this, metric=cost|totalCost} ) / ${this, metric=summary|total_number_hosts} ) > 0 ? floor( min([ ( ${this, metric=cpu|capacity_provisioned} - ${this, metric=OnlineCapacityAnalytics|cpu|demand|recommendedTotalSize} ) / ( ${this, metric=cpu|capacity_provisioned} / ${this, metric=summary|total_number_hosts} ), ( ${this, metric=mem|host_provisioned} - ${this, metric=OnlineCapacityAnalytics|mem|demand|recommendedTotalSize} ) / ( ${this, metric=mem|host_provisioned} / ${this, metric=summary|total_number_hosts} ) ] ) ) * ( min( ${this, metric=cost|totalCost} ) / ${this, metric=summary|total_number_hosts} ) : 0",
      "description": "",
      "unitId": "currencymonth",
      "modifiedBy": "33929b89-eab3-4f61-a3ca-671b7c927827"
   },
   "0d1ce4c6-bd08-41d9-ae58-e2cb30f3594f": {
      "resourceKinds": [{
         "resourceKindKey": "vSphere World",
         "adapterKindKey": "VMWARE"
      }],
      "modificationTime": 1651057999142,
      "name": "Cost of Compute Capacity Remaining",
      "formula": "sum(${adaptertype=VMWARE, objecttype=Datacenter, metric=cost|clusterAllocatedCost, depth=2})",
      "description": "",
      "unitId": "currencymonth",
      "modifiedBy": "33929b89-eab3-4f61-a3ca-671b7c927827"
   },
   "bfab4837-a74e-4fe6-b63d-3bb47bc9c729": {
      "resourceKinds": [{
         "resourceKindKey": "ClusterComputeResource",
         "adapterKindKey": "VMWARE"
      }],
      "modificationTime": 1651057999160,
      "name": "Reclaimable Hosts",
      "formula": "floor( min([ ( ${this, metric=cpu|capacity_provisioned} - ${this, metric=OnlineCapacityAnalytics|cpu|demand|recommendedTotalSize} ) / ( ${this, metric=cpu|capacity_provisioned} / ${this, metric=summary|total_number_hosts} ), ( ${this, metric=mem|host_provisioned} - ${this, metric=OnlineCapacityAnalytics|mem|demand|recommendedTotalSize} ) / ( ${this, metric=mem|host_provisioned} / ${this, metric=summary|total_number_hosts} ) ] ) ) > 0 ? floor( min([ ( ${this, metric=cpu|capacity_provisioned} - ${this, metric=OnlineCapacityAnalytics|cpu|demand|recommendedTotalSize} ) / ( ${this, metric=cpu|capacity_provisioned} / ${this, metric=summary|total_number_hosts} ), ( ${this, metric=mem|host_provisioned} - ${this, metric=OnlineCapacityAnalytics|mem|demand|recommendedTotalSize} ) / ( ${this, metric=mem|host_provisioned} / ${this, metric=summary|total_number_hosts} ) ] ) ) : 0",
      "description": "",
      "unitId": "",
      "modifiedBy": "33929b89-eab3-4f61-a3ca-671b7c927827"
   },
   "2f5ad7c6-ae6f-4ed6-9225-34ef04af8728": {
      "resourceKinds": [{
         "resourceKindKey": "ClusterComputeResource",
         "adapterKindKey": "VMWARE"
      }],
      "modificationTime": 1668528935850,
      "name": "Maximum CPU Ready%",
      "formula": "max(${adaptertype=VMWARE, objecttype=VirtualMachine, metric=cpu|readyPct, depth=3})",
      "description": "",
      "unitId": "",
      "modifiedBy": "a836e854-f3ff-433c-b0af-8cbc10243645"
   },
   "26b2538b-5047-4306-b7bd-78ae408d0b6a": {
      "resourceKinds": [{
         "resourceKindKey": "vSphere World",
         "adapterKindKey": "VMWARE"
      }],
      "modificationTime": 1651057999180,
      "name": "Cost of Compute Capacity Used",
      "formula": "sum(${adaptertype=VMWARE, objecttype=Datacenter, metric=cost|clusterUnallocatedCost, depth=2})",
      "description": "",
      "unitId": "currencymonth",
      "modifiedBy": "33929b89-eab3-4f61-a3ca-671b7c927827"
   },
   "d5088d75-f373-45cd-8bb5-7ee584583ed7": {
      "resourceKinds": [
         {
            "resourceKindKey": "CustomDatacenter",
            "adapterKindKey": "VMWARE"
         },
         {
            "resourceKindKey": "ClusterComputeResource",
            "adapterKindKey": "VMWARE"
         },
         {
            "resourceKindKey": "vSphere World",
            "adapterKindKey": "VMWARE"
         },
         {
            "resourceKindKey": "Datacenter",
            "adapterKindKey": "VMWARE"
         }
      ],
      "modificationTime": 1651057999198,
      "name": "Cost Drivers - Maintenance",
      "formula": "sum(${adaptertype=VMWARE, objecttype=HostSystem, metric=cost|maintenanceTotalCost, depth=10})",
      "description": "",
      "unitId": "currencymonth",
      "modifiedBy": "33929b89-eab3-4f61-a3ca-671b7c927827"
   },
   "6892ea3e-38f6-471c-94dc-7e6af13dc0cd": {
      "resourceKinds": [{
         "resourceKindKey": "VirtualMachine",
         "adapterKindKey": "VMWARE"
      }],
      "modificationTime": 1651057999216,
      "name": "_undelete-able-SM",
      "formula": "sum(${adaptertype=VMWARE, objecttype=VirtualMachine, metric=cost|allocation|allocationBasedTotalCost, depth=15})",
      "description": "",
      "unitId": "",
      "modifiedBy": "33929b89-eab3-4f61-a3ca-671b7c927827"
   },
   "3aedeea9-c92c-4c8d-9b87-4a4498753236": {
      "resourceKinds": [
         {
            "resourceKindKey": "CustomDatacenter",
            "adapterKindKey": "VMWARE"
         },
         {
            "resourceKindKey": "ClusterComputeResource",
            "adapterKindKey": "VMWARE"
         },
         {
            "resourceKindKey": "vSphere World",
            "adapterKindKey": "VMWARE"
         },
         {
            "resourceKindKey": "Datacenter",
            "adapterKindKey": "VMWARE"
         }
      ],
      "modificationTime": 1651057999234,
      "name": "Total Potential Savings",
      "formula": "max([${this, metric=Super Metric|sm_843b35a1-36a6-45b2-b2ca-2002968d89a4},0]) + max([${this, metric=Super Metric|sm_fc817400-5e34-4785-8d94-60a54d04de42},0]) + max([${this, metric=Super Metric|sm_77696a4e-f20f-48ea-8b71-ffce3832a486},0]) + max([${this, metric=Super Metric|sm_9d345011-ac92-48f1-9984-80e167de0df8},0]) + max([${this, metric=Super Metric|sm_3cc4d662-692d-4885-934f-5b8760a561f8},0]) + max([${this, metric=Super Metric|sm_ff55995f-9a89-4a0f-a1ea-b04be95d3335},0])",
      "description": "",
      "unitId": "currencymonth",
      "modifiedBy": "33929b89-eab3-4f61-a3ca-671b7c927827"
   },
   "e00bac67-9a22-4276-8e47-546daf71072f": {
      "resourceKinds": [
         {
            "resourceKindKey": "CustomDatacenter",
            "adapterKindKey": "VMWARE"
         },
         {
            "resourceKindKey": "ClusterComputeResource",
            "adapterKindKey": "VMWARE"
         },
         {
            "resourceKindKey": "vSphere World",
            "adapterKindKey": "VMWARE"
         },
         {
            "resourceKindKey": "Datacenter",
            "adapterKindKey": "VMWARE"
         }
      ],
      "modificationTime": 1651057999251,
      "name": "Rightsize - vCPUs to Remove from Oversized VMs",
      "formula": "sum(${adaptertype=VMWARE, objecttype=VirtualMachine, metric=summary|oversized|vcpus, depth=10})",
      "description": "",
      "unitId": "",
      "modifiedBy": "33929b89-eab3-4f61-a3ca-671b7c927827"
   },
   "a4e11831-c66d-44ef-a369-d77ef410fec1": {
      "resourceKinds": [{
         "resourceKindKey": "VirtualMachine",
         "adapterKindKey": "VMWARE"
      }],
      "modificationTime": 1651057999267,
      "name": "uptime_in_days",
      "formula": "((${this, metric=sys|osUptime_latest}/60)/60)/24",
      "description": "",
      "unitId": "",
      "modifiedBy": "33929b89-eab3-4f61-a3ca-671b7c927827"
   },
   "bac94c64-ebd3-40a6-992e-7fd1b4d480b4": {
      "resourceKinds": [{
         "resourceKindKey": "VirtualMachine",
         "adapterKindKey": "VMWARE"
      }],
      "modificationTime": 1651057999284,
      "name": "Rightsize - Potential Memory Consumed Increase (GB)",
      "formula": "(${this, metric=summary|undersized} ? ${this, metric=summary|undersized|memory} : 0)/1024/1024",
      "description": "",
      "unitId": "gb",
      "modifiedBy": "33929b89-eab3-4f61-a3ca-671b7c927827"
   },
   "03fd3652-1d97-40c0-aecd-6bd8a27d2f87": {
      "resourceKinds": [
         {
            "resourceKindKey": "CustomDatacenter",
            "adapterKindKey": "VMWARE"
         },
         {
            "resourceKindKey": "vSphere World",
            "adapterKindKey": "VMWARE"
         },
         {
            "resourceKindKey": "Datacenter",
            "adapterKindKey": "VMWARE"
         }
      ],
      "modificationTime": 1651057999301,
      "name": "Reclaimable Disk Space from Orphaned Disks",
      "formula": "sum(${adaptertype=VMWARE, objecttype=Datastore, metric=reclaimable|orphaned_disk|diskspace, depth=10})",
      "description": "",
      "unitId": "gb",
      "modifiedBy": "33929b89-eab3-4f61-a3ca-671b7c927827"
   },
   "effa008b-b6c9-42fd-81a6-e339c6f2975d": {
      "resourceKinds": [{
         "resourceKindKey": "vSphere World",
         "adapterKindKey": "VMWARE"
      }],
      "modificationTime": 1651057999318,
      "name": "Cost of Storage Capacity Remaining",
      "formula": "sum(${adaptertype=VMWARE, objecttype=Datastore, metric=cost|effectiveUnallocatedTotalCost, depth=10})",
      "description": "",
      "unitId": "currencymonth",
      "modifiedBy": "33929b89-eab3-4f61-a3ca-671b7c927827"
   },
   "843b35a1-36a6-45b2-b2ca-2002968d89a4": {
      "resourceKinds": [{
         "resourceKindKey": "vSphere World",
         "adapterKindKey": "VMWARE"
      }],
      "modificationTime": 1651057999333,
      "name": "Potential Savings from Idle VMs",
      "formula": "sum(${adaptertype=VMWARE, objecttype=Datacenter, metric=reclaimable|idle_vms|cost, depth=10})",
      "description": "",
      "unitId": "currencymonth",
      "modifiedBy": "33929b89-eab3-4f61-a3ca-671b7c927827"
   }
}