{"userGroups": [
   {
      "isConfig": true,
      "permissionControls": [{
         "objectScopeName": "All Objects",
         "allowAllResources": true,
         "roleName": "ReadOnly"
      }],
      "displayName": "vIDM",
      "name": "vIDM",
      "authSourceType": "VIDM",
      "description": "VMware Identity Manager Users.",
      "authSourceName": "vIDMAuthSource",
      "users": [{
         "authSourceType": "VIDM",
         "userName": "adm-manthara",
         "authSourceName": "vIDMAuthSource"
      }]
   },
   {
      "isConfig": false,
      "permissionControls": [{
         "objectScopeName": "All Objects",
         "allowAllResources": true,
         "roleName": "Administrator"
      }],
      "displayName": "gg-vrops-admins@vmlab.se",
      "name": "gg-vrops-admins@vmlab.se",
      "authSourceType": "VIDM",
      "description": "",
      "authSourceName": "vIDMAuthSource",
      "users": [
         {
            "authSourceType": "VIDM",
            "userName": "adm-bgronas",
            "authSourceName": "vIDMAuthSource"
         },
         {
            "authSourceType": "VIDM",
            "userName": "adm-escholten",
            "authSourceName": "vIDMAuthSource"
         },
         {
            "authSourceType": "VIDM",
            "userName": "adm-kjohansson",
            "authSourceName": "vIDMAuthSource"
         },
         {
            "authSourceType": "VIDM",
            "userName": "adm-lolsson",
            "authSourceName": "vIDMAuthSource"
         },
         {
            "authSourceType": "VIDM",
            "userName": "adm-krychlik",
            "authSourceName": "vIDMAuthSource"
         }
      ]
   },
   {
      "isConfig": false,
      "permissionControls": [{
         "objectScopeName": "All Objects",
         "allowAllResources": true,
         "roleName": "ReadOnly"
      }],
      "displayName": "gg-vrops-read-only@vmlab.se",
      "name": "gg-vrops-read-only@vmlab.se",
      "authSourceType": "VIDM",
      "description": "",
      "authSourceName": "vIDMAuthSource",
      "users": []
   },
   {
      "isConfig": false,
      "permissionControls": [{
         "objectScopeName": "All Objects",
         "allowAllResources": true,
         "roleName": "ContentAdmin"
      }],
      "displayName": "gg-vrops-content-admins@vmlab.se",
      "name": "gg-vrops-content-admins@vmlab.se",
      "authSourceType": "VIDM",
      "description": "",
      "authSourceName": "vIDMAuthSource",
      "users": []
   }
]}