{"appDefinitionAssignments": [{
   "resourceKey": {
      "resourceKind": "VMwareAdapter Instance",
      "adapterKind": "VMWARE",
      "identifiers": [
         {
            "isPartOfUniqueness": false,
            "value": "true",
            "key": "AUTODISCOVERY"
         },
         {
            "isPartOfUniqueness": false,
            "value": "null",
            "key": "CLOUD_TYPE"
         },
         {
            "isPartOfUniqueness": false,
            "value": "null",
            "key": "DV_PORT_GROUP_DISABLED"
         },
         {
            "isPartOfUniqueness": false,
            "value": "null",
            "key": "DVS_DISABLED"
         },
         {
            "isPartOfUniqueness": false,
            "value": "true",
            "key": "ENABLE_ACTIONS"
         },
         {
            "isPartOfUniqueness": false,
            "value": "",
            "key": "GFS_SKIP_PATTERNS"
         },
         {
            "isPartOfUniqueness": false,
            "value": "",
            "key": "IS_REAL_TIME_MONITORING_ENABLED"
         },
         {
            "isPartOfUniqueness": false,
            "value": "null",
            "key": "PDRS_STATS_PROVIDER"
         },
         {
            "isPartOfUniqueness": false,
            "value": "true",
            "key": "PROCESSCHANGEEVENTS"
         },
         {
            "isPartOfUniqueness": true,
            "value": "sfo-w01-vc01.vmlab.se",
            "key": "VCURL"
         },
         {
            "isPartOfUniqueness": false,
            "value": "null",
            "key": "VM_FOLDER_DISABLED"
         },
         {
            "isPartOfUniqueness": false,
            "value": "null",
            "key": "VM_LIMIT"
         },
         {
            "isPartOfUniqueness": false,
            "value": "",
            "key": "VMC_CONFIG_LIMITS_FILE_NAME"
         },
         {
            "isPartOfUniqueness": false,
            "value": "fc06ab8f-b049-4dbd-b1aa-d76977bf17e0",
            "key": "VMEntityVCID"
         }
      ],
      "resourceName": "VC Adapter Instance for sfo-w01-vc01.vmlab.se"
   },
   "assignedDefinitions": [
      {
         "applicationType": "SERVICE_BASED",
         "applicationKey": "vrops_application"
      },
      {
         "applicationType": "SERVICE_BASED",
         "applicationKey": "vrli_application"
      }
   ]
}]}