{
   "customGroups": 5,
   "costDrivers": 9,
   "reports": 3,
   "dashboardsByOwner": [
      {
         "owner": "a836e854-f3ff-433c-b0af-8cbc10243645",
         "count": 1
      },
      {
         "owner": "624358d8-1aff-4476-b0a7-667b430922de",
         "count": 13
      },
      {
         "owner": "33929b89-eab3-4f61-a3ca-671b7c927827",
         "count": 6
      }
   ],
   "superMetrics": 66,
   "globalSettings": 1,
   "signature": "v1:3prM2L2qKRp98kALuALYEQ==:DKcVIoa271NWbOaMnZhElw==:y5J74oINCmGK5uUChA0uVkeuDmRUu2ybpPg01IiVR5+FYJem84ZRh1TaKBDcb6lL:1294193037",
   "policies": 3,
   "type": "CUSTOM",
   "dashboards": 20,
   "recommendations": 1,
   "sdmpCustomApplications": 1,
   "users": 8,
   "outboundSettings": 1,
   "userGroups": 4,
   "userRoles": 10,
   "configFiles": 7,
   "discoveryRules": 1,
   "complianceScorecards": 1,
   "customProfiles": 2,
   "authSources": 1,
   "appDefAssignments": 1,
   "integrations": 20,
   "views": 21
}