<?xml version="1.0" encoding="UTF-8"?><customProfileContent>
    <CustomProfiles>
        <CustomProfile AdapterKind="VMWARE" Description="" ResourceKind="VirtualMachine" name="Small VM" profileId="0a35c83b-c76e-4e01-9342-2c3a894f7090" profileType="CUSTOM">
            <ProfileMetricValue metricKey="cpu" value="36.86666666666667"/>
            <ProfileMetricValue metricKey="cpu-alloc" value="2.0"/>
            <ProfileMetricValue metricKey="mem-host" value="1260553.6000000003"/>
            <ProfileMetricValue metricKey="mem-alloc" value="8388608.0"/>
            <ProfileMetricValue metricKey="diskspace-total" value="16.89267458859831"/>
            <ProfileMetricValue metricKey="diskspace-alloc" value="20.0"/>
        </CustomProfile>
        <CustomProfile AdapterKind="VMWARE" Description="" ResourceKind="VirtualMachine" name="Large VM" profileId="6733b884-12a3-4476-a6db-5521b0f392d9" profileType="CUSTOM">
            <ProfileMetricValue metricKey="cpu" value="3359.3333333333335"/>
            <ProfileMetricValue metricKey="cpu-alloc" value="6.0"/>
            <ProfileMetricValue metricKey="mem-host" value="2.54821392E7"/>
            <ProfileMetricValue metricKey="mem-alloc" value="2.5165824E7"/>
            <ProfileMetricValue metricKey="diskspace-total" value="314.5069347145036"/>
            <ProfileMetricValue metricKey="diskspace-alloc" value="300.0"/>
        </CustomProfile>
    </CustomProfiles>
</customProfileContent>
