{
   "passwordPolicy": {
      "pswdMustHaveUpperLowerCase": true,
      "loginFailEvictionTime": 900,
      "lockDuration": 15,
      "pswdExpirationPeriod": -1,
      "pswdMustHaveSpecialCharacters": true,
      "accountLockoutPolicyEnabled": true,
      "pswdPriorExpirationWarnPeriod": -1,
      "allowedLoginAttempts": 99,
      "pswdExpirationPolicyEnabled": false,
      "pswdMustHaveNumbers": true,
      "pswdMinLength": 8,
      "pswdMustNotEqualUserName": true,
      "notReusablePreviousPasswordsCount": 3,
      "pswdStrengthEnabled": true
   },
   "commonSettings": {
      "DYNAMIC_THRESHOLDING_ENABLED": "true",
      "ROLLUP_TIME_SERIES_DATA_RETENTION_IN_MONTHS": "6",
      "DYNAMIC_THRESHOLDING_UPDATE_TIME_IN_MINUTES": "120",
      "ENABLE_OCSP": "false",
      "TIME_SERIES_DATA_RETENTION_IN_MONTHS": "4",
      "VC_USER_LOGIN_FROM_VC_WEBUI_ALLOWED": "true",
      "SHOW_COST_SAVINGS_RECLAMATION_SETTING": "true",
      "PROPAGATE_STORAGE_PROFILE_PRICE": "true",
      "WLP_OPTION_TYPE": "1",
      "RECLAIM_POWERED_OFF_VMS_ENABLED": "true",
      "ENABLE_CERTIFICATE_VALIDATION_STANDARD_WAY": "false",
      "IDLENESS_INDICATOR_THRESHOLD_MHZ": "100",
      "DELETION_SCHEDULING_INTERVAL_IN_HOURS": "24",
      "SESSION_TIMEOUT_IN_MINUTES": "30",
      "COST_CALCULATION_TIME_IN_MINUTES": "1260",
      "VC_USER_LOGIN_TO_ALL_VC_ALLOWED": "true",
      "GENERATED_REPORTS_RETENTION_TIME_IN_MONTHS": "36",
      "OBJECT_HISTORY_RETENTION_IN_DAYS": "30",
      "EXCLUDE_IDLE_VMS_PROVISIONED_IN_LAST_DAYS": "30",
      "OUTDATED_EVENT_BASED_SYMPTOMS_CANCELING_ENABLED": "false",
      "RECLAIM_ORPHANED_DISKS_DAYS": "30",
      "ORPHANED_VMDK_COLLECTION_TIME_IN_MINUTES": "1200",
      "ACTIVE_EVENT_BASED_SYMPTOMS_RETENTION_TIME_IN_DAYS": "30",
      "PRICING_TAG_DETAILED_METRICS": "false",
      "RECLAIM_IDLE_VMS_DAYS": "7",
      "CLUSTER_UTILIZATION_ROUND_OFF": "5",
      "ALLOW_CONCURRENT_LOGIN_SESSIONS": "true",
      "RECLAIM_SNAPSHOTS_ENABLED": "true",
      "OBJECT_RELATIONSHIP_HISTORY_ENABLED": "false",
      "AUTOMATED_ACTIONS_ENABLED": "true",
      "CANCELLED_ALERTS_SYMPTOMS_RETENTION_TIME_IN_DAYS": "14",
      "CERTIFICATE_ALARM_DAYS": "[{\"criticalityLevel\":2,\"value\":30,\"enabled\":true},{\"criticalityLevel\":3,\"value\":14,\"enabled\":true},{\"criticalityLevel\":4,\"value\":5,\"enabled\":true}]",
      "RECLAIM_POWERED_OFF_VMS_DAYS": "7",
      "ACTION_RETENTION_IN_DAYS": "14",
      "GENERATED_REPORTS_RETENTION_TIME_IN_DAYS": "1080",
      "IDLENESS_INDICATOR_THRESHOLD_PERCENT": "100",
      "VC_USER_LOGIN_TO_INDIVIDUAL_VC_ALLOWED": "true",
      "DOCKER_IMAGE_REGISTRY_URL": "harbor-repo.vmware.com",
      "COST_CALCULATION_ENABLED": "true",
      "RECLAIM_IDLE_VMS_ENABLED": "true",
      "DELETED_OBJECTS_RETENTION_IN_HOURS": "168",
      "TELEMETRY_ENABLED": "true",
      "ALLOW_NON_IMPORTED_VIDM_USERS_ACCESS": "true",
      "RECLAIM_ORPHANED_DISKS_ENABLED": "true",
      "COSTING_TAG_DETAILED_METRICS": "false",
      "DELETED_USERS_RETENTION_IN_DAYS": "60",
      "GENERATED_REPORTS_RETENTION_ENABLED": "false",
      "BASE_URL": "",
      "RECLAIM_SNAPSHOTS_DAYS": "7"
   }
}