<?xml version="1.0" encoding="UTF-8"?><PolicyContent>
    <Policies>
        <Policy description="Policy based on Tags and names regarding SockShop" key="29c2c786-bf94-4bea-92e7-8c99aa6b3dfe" name="SockShop Policy" parentPolicy="d063ff59-81d9-40c4-b473-923dd0a768f0">
            <PolicySettings adapterKind="ALL" resourceKind="All">
                <WorkloadAutomationSettings>
                    <changeSecondaryProviderSettings changeSecondaryProvider="true"/>
                    <minimumHeadroomSettings minimumHeadroomPercentThreshold="0.0" vSANMinimumHeadroomPercentThreshold="0.0"/>
                </WorkloadAutomationSettings>
            </PolicySettings>
            <PackageSettings>
                <BadgeSymptoms adapterKind="VMWARE" resourceKind="VirtualMachine">
                    <BadgeSymptom enabled="true" id="badge|compliance" severity="immediate" threshold="55.0"/>
                    <BadgeSymptom enabled="true" id="badge|compliance" severity="warning" threshold="99.0"/>
                    <BadgeSymptom enabled="true" id="badge|compliance" severity="critical" threshold="30.0"/>
                </BadgeSymptoms>
                <BadgeSymptoms adapterKind="VMWARE" resourceKind="HostSystem">
                    <BadgeSymptom enabled="false" id="badge|compliance" severity="immediate"/>
                    <BadgeSymptom enabled="true" id="badge|compliance" severity="critical" threshold="45.0"/>
                    <BadgeSymptom enabled="true" id="badge|compliance" severity="warning" threshold="99.0"/>
                </BadgeSymptoms>
                <Metrics adapterKind="VMWARE" resourceKind="VirtualMachine">
                    <Metric enabled="true" id="summary|tag"/>
                </Metrics>
                <Alerts adapterKind="VirtualAndPhysicalSANAdapter" resourceKind="VirtualSANDCCluster">
                    <Alert enabled="true" id="AlertDefinition-VirtualAndPhysicalSANAdapter-VsanClusterViolatingHardeningGuide"/>
                </Alerts>
                <Alerts adapterKind="VirtualAndPhysicalSANAdapter" resourceKind="CapacityDisk">
                    <Alert enabled="true" id="AlertDefinition-VirtualAndPhysicalSANAdapter-VsanCapacityDiskViolatingHardeningGuide"/>
                </Alerts>
                <Alerts adapterKind="VirtualAndPhysicalSANAdapter" resourceKind="CacheDisk">
                    <Alert enabled="true" id="AlertDefinition-VirtualAndPhysicalSANAdapter-VsanCacheDiskViolatingHardeningGuide"/>
                </Alerts>
                <Alerts adapterKind="VMWARE" resourceKind="VMwareAdapter Instance">
                    <Alert enabled="true" id="AlertDefinition-VCenterViolate_PCI-DSS"/>
                </Alerts>
                <Alerts adapterKind="SDDCHealthAdapter" resourceKind="vCenterLicensing">
                    <Alert enabled="true" id="AlertDefinition-vCenterLicenseOverUsed"/>
                </Alerts>
                <Alerts adapterKind="VMWARE" resourceKind="HostSystem">
                    <Alert enabled="true" id="AlertDefinition-VirtualAndPhysicalSANAdapter-VsanHostViolatingHardeningGuide"/>
                    <Alert enabled="true" id="AlertDefinition-HostViolate_PCI-DSS"/>
                    <Alert enabled="true" id="AlertDefinition-VMWARE-HostViolateHardeningGuide6.5or6.7"/>
                </Alerts>
                <Alerts adapterKind="VMWARE" resourceKind="VmwareDistributedVirtualSwitch">
                    <Alert enabled="true" id="AlertDefinition-CIS-DVS-VMWAREDISTRIBUTEDVIRTUALSWITCH"/>
                    <Alert enabled="true" id="AlertDefinition-DVSViolate_PCI-DSS"/>
                    <Alert enabled="true" id="AlertDefinition-VMWARE-DVSViolatingHardeningGuideV_All"/>
                </Alerts>
                <Alerts adapterKind="VMWARE" resourceKind="DistributedVirtualPortGroup">
                    <Alert enabled="true" id="AlertDefinition-CIS-DPG-DISTRIBUTEDVIRTUALPORTGROUP"/>
                    <Alert enabled="true" id="AlertDefinition-DVPGViolate_PCI-DSS"/>
                    <Alert enabled="true" id="AlertDefinition-VMWARE-DVPGViolatingHardeningGuideV_All"/>
                </Alerts>
                <Alerts adapterKind="vCenter Operations Adapter" resourceKind="vC-Ops-Cluster">
                    <Alert enabled="true" id="AlertDefinition-vCenter Operations Adapter-LicenseIsRunningOutAlert"/>
                </Alerts>
                <Alerts adapterKind="VMWARE" resourceKind="VirtualMachine">
                    <Alert enabled="true" id="AlertDefinition-FISMA-VM-VIRTUALMACHINE"/>
                    <Alert enabled="true" id="AlertDefinition-VirtualAndPhysicalSANAdapter-VsanVirtualMachineViolatingHardeningGuide"/>
                    <Alert enabled="true" id="AlertDefinition-VMWARE-VMViolateHardeningGuide6.5"/>
                    <Alert enabled="true" id="AlertDefinition-VMWARE-VMViolateHardeningGuideV6"/>
                    <Alert enabled="true" id="AlertDefinition-VMViolate_PCI-DSS"/>
                    <Alert enabled="true" id="AlertDefinition-VMWARE-VMViolateHardeningGuide6.7"/>
                    <Alert enabled="true" id="AlertDefinition-CIS-VM-VIRTUALMACHINE"/>
                    <Alert enabled="true" id="AlertDefinition-VMWARE-VMViolateHardeningGuideV6RP2"/>
                </Alerts>
                <Alerts adapterKind="NSXTAdapter" resourceKind="NSXTAdapterInstance">
                    <Alert enabled="true" id="AlertDefinition-NSXTAdapter-SecurityEnableNTP"/>
                    <Alert enabled="true" id="AlertDefinition-NSXTAdapter-SecurityDisableSSH"/>
                </Alerts>
                <Alerts adapterKind="Container" resourceKind="Licensing">
                    <Alert enabled="true" id="AlertDefinition-vCenter Operations Adapter-LicenseOverUsedAlert"/>
                    <Alert enabled="true" id="AlertDefinition-vCenter Operations Adapter-VcopsEvalExpiryAlert"/>
                    <Alert enabled="true" id="AlertDefinition-vCenter Operations Adapter-LicenseExpiredAlert"/>
                    <Alert enabled="true" id="AlertDefinition-vCenter Operations Adapter-LicenseKeyExpiryFirstAlert"/>
                    <Alert enabled="true" id="AlertDefinition-vCenter Operations Adapter-LicenseKeyExpiryFinalAlert"/>
                </Alerts>
                <SuperMetrics adapterKind="VMWARE" resourceKind="ClusterComputeResource">
                    <SuperMetric enabled="false" id="2f5ad7c6-ae6f-4ed6-9225-34ef04af8728"/>
                </SuperMetrics>
            </PackageSettings>
        </Policy>
        <Policy description="USed for the Operation Experience Days&#10;" key="f9700bb9-25bd-4a8d-8e15-c678f0dda966" name="Operations Exp Day" parentPolicy="d063ff59-81d9-40c4-b473-923dd0a768f0">
            <PackageSettings>
                <BadgeSymptoms adapterKind="VMWARE" resourceKind="HostSystem">
                    <BadgeSymptom enabled="false" id="badge|compliance" severity="immediate"/>
                    <BadgeSymptom enabled="false" id="badge|compliance" severity="warning"/>
                    <BadgeSymptom enabled="false" id="badge|compliance" severity="critical"/>
                </BadgeSymptoms>
                <BadgeSymptoms adapterKind="VMWARE" resourceKind="VirtualMachine">
                    <BadgeSymptom enabled="false" id="badge|compliance" severity="immediate"/>
                    <BadgeSymptom enabled="false" id="badge|compliance" severity="warning"/>
                    <BadgeSymptom enabled="false" id="badge|compliance" severity="critical"/>
                </BadgeSymptoms>
                <BadgeSymptoms adapterKind="VMWARE" resourceKind="ClusterComputeResource">
                    <BadgeSymptom enabled="false" id="OnlineCapacityAnalytics|capacityRemainingPercentage" severity="immediate"/>
                    <BadgeSymptom enabled="true" id="OnlineCapacityAnalytics|capacityRemainingPercentage" severity="critical" threshold="0.0"/>
                    <BadgeSymptom enabled="true" id="OnlineCapacityAnalytics|capacityRemainingPercentage" severity="warning" threshold="16.0"/>
                </BadgeSymptoms>
                <Alerts adapterKind="VMWARE" resourceKind="VirtualMachine">
                    <Alert enabled="true" id="AlertDefinition-VMWARE-HighCostopSnapshots"/>
                    <Alert enabled="true" id="AlertDefinition-VMWARE-VMContentionDuetoSwap"/>
                    <Alert enabled="true" id="AlertDefinition-VMWARE-CPUContentionDueToIOWait"/>
                    <Alert enabled="true" id="AlertDefinition-VMWARE-CannotStartVMAlert"/>
                    <Alert enabled="true" id="AlertDefinition-VMWARE-CPUContentionDueToCostop"/>
                    <Alert enabled="true" id="AlertDefinition-vrni.servicevmhighcpuusageevent.alert"/>
                    <Alert enabled="true" id="AlertDefinition-VMWARE-VMCPUUsageAt100PctForLongTime"/>
                    <Alert enabled="true" id="AlertDefinition-VMWARE-VMClusterDemandMoreCPUThanEntitlement"/>
                    <Alert enabled="true" id="AlertDefinition-VMWARE-VMCPUContentionOnHostWithBIOSPMOSCtrlWarning"/>
                    <Alert enabled="true" id="AlertDefinition-VMWARE-VMCPUContentionOnHostWithBIOSPMNotOSCtrlCritical"/>
                    <Alert enabled="true" id="AlertDefinition-VMWARE-VMCPUContentionOnHostWithBIOSPMNotOSCtrlWarning"/>
                    <Alert enabled="true" id="AlertDefinition-VMWARE-VMCPUHigherDemandThanLimit"/>
                    <Alert enabled="true" id="AlertDefinition-VMWARE-VMDRSClusterDemandMoreCPUThanEntitlement"/>
                    <Alert enabled="true" id="AlertDefinition-VMWARE-GuestOutOfDiskSpace"/>
                    <Alert enabled="true" id="AlertDefinition-VMWARE-VMCPUContentionOnHostWithBIOSPMOSCtrlCritical"/>
                    <Alert enabled="true" id="AlertDefinition-VMWARE-VMOnHostDemandMoreCPUThanEntitlement"/>
                </Alerts>
                <Symptoms adapterKind="VMWARE" resourceKind="VirtualMachine">
                    <Symptom enabled="true" id="SymptomDefinition-VMWARE-VMCpuCostopCritical" threshold="15.0"/>
                    <Symptom enabled="true" id="SymptomDefinition-VMWARE-VMMemDemandOverLimit" threshold="mem|host_limit"/>
                    <Symptom enabled="true" id="SymptomDefinition-VMWARE-VMIOWaitCritical" threshold="15.0"/>
                    <Symptom enabled="true" id="SymptomDefinition-VMWARE-GuestPartitionUsageCritical" threshold="95.0"/>
                    <Symptom enabled="true" id="SymptomDefinition-VMWARE-VMCpuDemandImmediate" threshold="90.0"/>
                    <Symptom enabled="true" id="SymptomDefinition-VMWARE-VMMemoryDemandCapacity" threshold="0.0"/>
                    <Symptom enabled="true" id="SymptomDefinition-VMWARE-VMCPUDemandIsGreaterThanConfiguredLimit" threshold="cpu|limit"/>
                    <Symptom enabled="true" id="SymptomDefinition-VMWARE-VMWriteLatencyCritical" threshold="30.0"/>
                    <Symptom enabled="true" id="SymptomDefinition-VMWARE-VMMemWorkloadCritical" threshold="95.0"/>
                    <Symptom enabled="true" id="SymptomDefinition-VMWARE-VMMemContentionCritical" threshold="10.0"/>
                    <Symptom enabled="true" id="SymptomDefinition-VMWARE-VMCpuDemandCritical" threshold="95.0"/>
                    <Symptom enabled="true" id="SymptomDefinition-VMWARE-VMBalloonCritical" threshold="10.0"/>
                    <Symptom enabled="true" id="SymptomDefinition-VMWARE-VMSwapWaitCritical" threshold="15.0"/>
                    <Symptom enabled="true" id="SymptomDefinition-VMWARE-VMCpuDemandWarning" threshold="80.0"/>
                    <Symptom enabled="true" id="SymptomDefinition-VMWARE-VMReadLatencyCritical" threshold="30.0"/>
                    <Symptom enabled="true" id="SymptomDefinition-VMWARE-VMCPUDemandExceedsEntitlement" threshold="cpu|dynamic_entitlement"/>
                    <Symptom enabled="true" id="SymptomDefinition-VMWARE-VMCPUContentionCritical" threshold="30.0"/>
                    <Symptom enabled="true" id="SymptomDefinition-VMWARE-VMMoreDemandCapacity" threshold="0.0"/>
                </Symptoms>
            </PackageSettings>
        </Policy>
        <Policy key="d063ff59-81d9-40c4-b473-923dd0a768f0" name="Default Policy">
            <PackageSettings>
                <BadgeSymptoms adapterKind="VMWARE" resourceKind="ClusterComputeResource">
                    <BadgeSymptom enabled="true" id="OnlineCapacityAnalytics|capacityRemainingPercentage" severity="critical" threshold="0.0"/>
                    <BadgeSymptom enabled="true" id="OnlineCapacityAnalytics|capacityRemainingPercentage" severity="warning" threshold="10.0"/>
                    <BadgeSymptom enabled="false" id="OnlineCapacityAnalytics|capacityRemainingPercentage" severity="immediate"/>
                </BadgeSymptoms>
                <Metrics adapterKind="VMWARE" resourceKind="Datastore">
                    <Metric enabled="true" id="devices|read_average" instEnabled="true"/>
                    <Metric enabled="true" id="devices|numberread_summation" instEnabled="false">
                        <InstancedGroupNameCondition condOperator="NONE" instGroupIndex="0"/>
                    </Metric>
                    <Metric enabled="true" id="devices|busresets_summation" instEnabled="false">
                        <InstancedGroupNameCondition condOperator="NONE" instGroupIndex="0"/>
                    </Metric>
                    <Metric enabled="true" id="devices|numberreadaveraged_average" instEnabled="false">
                        <InstancedGroupNameCondition condOperator="NONE" instGroupIndex="0"/>
                    </Metric>
                    <Metric enabled="true" id="devices|totallatency_average" instEnabled="true"/>
                    <Metric enabled="true" id="devices|queuereadlatency_average" instEnabled="false">
                        <InstancedGroupNameCondition condOperator="NONE" instGroupIndex="0"/>
                    </Metric>
                    <Metric enabled="true" id="devices|kernelwritelatency_average" instEnabled="false">
                        <InstancedGroupNameCondition condOperator="NONE" instGroupIndex="0"/>
                    </Metric>
                    <Metric enabled="true" id="devices|numberwriteaveraged_average" instEnabled="false">
                        <InstancedGroupNameCondition condOperator="NONE" instGroupIndex="0"/>
                    </Metric>
                    <Metric enabled="true" id="devices|usage_average" instEnabled="true"/>
                    <Metric enabled="true" id="devices|totalreadlatency_average" instEnabled="true"/>
                    <Metric enabled="true" id="devices|kernelreadlatency_average" instEnabled="false">
                        <InstancedGroupNameCondition condOperator="NONE" instGroupIndex="0"/>
                    </Metric>
                    <Metric enabled="true" id="devices|commandsaborted_summation" instEnabled="false">
                        <InstancedGroupNameCondition condOperator="NONE" instGroupIndex="0"/>
                    </Metric>
                    <Metric enabled="true" id="devices|queuewritelatency_average" instEnabled="true"/>
                    <Metric enabled="true" id="devices|number_running_hosts" instEnabled="true"/>
                    <Metric enabled="true" id="devices|totalwritelatency_average" instEnabled="true"/>
                    <Metric enabled="true" id="devices|write_average" instEnabled="true"/>
                    <Metric enabled="true" id="devices|numberwrite_summation" instEnabled="false">
                        <InstancedGroupNameCondition condOperator="NONE" instGroupIndex="0"/>
                    </Metric>
                    <Metric enabled="true" id="devices|commands_summation" instEnabled="false">
                        <InstancedGroupNameCondition condOperator="NONE" instGroupIndex="0"/>
                    </Metric>
                    <Metric enabled="true" id="devices|devicewritelatency_average" instEnabled="true"/>
                    <Metric enabled="true" id="devices|queuelatency_average" instEnabled="false">
                        <InstancedGroupNameCondition condOperator="NONE" instGroupIndex="0"/>
                    </Metric>
                    <Metric enabled="true" id="devices|devicelatency_average" instEnabled="true"/>
                    <Metric enabled="true" id="devices|kernellatency_average" instEnabled="true"/>
                    <Metric enabled="true" id="devices|number_running_vms" instEnabled="true"/>
                    <Metric enabled="true" id="devices|devicereadlatency_average" instEnabled="false">
                        <InstancedGroupNameCondition condOperator="NONE" instGroupIndex="0"/>
                    </Metric>
                    <Metric enabled="true" id="devices|commandsaveraged_average" instEnabled="true"/>
                </Metrics>
                <Alerts adapterKind="VirtualAndPhysicalSANAdapter" resourceKind="CapacityDisk">
                    <Alert enabled="true" id="AlertDefinition-VirtualAndPhysicalSANAdapter-VsanCapacityDiskViolatingHardeningGuide"/>
                </Alerts>
                <Alerts adapterKind="VMWARE" resourceKind="DistributedVirtualPortGroup">
                    <Alert enabled="false" id="AlertDefinition-CIS-DPG-DISTRIBUTEDVIRTUALPORTGROUP"/>
                    <Alert enabled="false" id="AlertDefinition-VMWARE-DVPGViolatingHardeningGuideV_All"/>
                    <Alert enabled="false" id="AlertDefinition-DVPGViolate_PCI-DSS"/>
                </Alerts>
                <Alerts adapterKind="SDDCHealthAdapter" resourceKind="vCenterLicensing">
                    <Alert enabled="false" id="AlertDefinition-vCenterLicenseOverUsed"/>
                </Alerts>
                <Alerts adapterKind="VirtualAndPhysicalSANAdapter" resourceKind="VirtualSANDCCluster">
                    <Alert enabled="true" id="AlertDefinition-VirtualAndPhysicalSANAdapter-VsanClusterViolatingHardeningGuide"/>
                </Alerts>
                <Alerts adapterKind="Container" resourceKind="Licensing">
                    <Alert enabled="false" id="AlertDefinition-vCenter Operations Adapter-LicenseOverUsedAlert"/>
                    <Alert enabled="false" id="AlertDefinition-vCenter Operations Adapter-VcopsEvalExpiryAlert"/>
                    <Alert enabled="false" id="AlertDefinition-vCenter Operations Adapter-LicenseKeyExpiryFinalAlert"/>
                    <Alert enabled="false" id="AlertDefinition-vCenter Operations Adapter-LicenseExpiredAlert"/>
                    <Alert enabled="false" id="AlertDefinition-vCenter Operations Adapter-LicenseKeyExpiryFirstAlert"/>
                </Alerts>
                <Alerts adapterKind="VMWARE" resourceKind="HostSystem">
                    <Alert enabled="false" id="AlertDefinition-VMWARE-HostViolateHardeningGuide6.5or6.7"/>
                    <Alert enabled="false" id="AlertDefinition-CIS-HOSTSYSTEM"/>
                    <Alert enabled="false" id="AlertDefinition-HostViolate_PCI-DSS"/>
                    <Alert enabled="true" id="AlertDefinition-VirtualAndPhysicalSANAdapter-VsanHostViolatingHardeningGuide"/>
                </Alerts>
                <Alerts adapterKind="VMWARE" resourceKind="VirtualMachine">
                    <Alert enabled="false" id="AlertDefinition-VMWARE-VMViolateHardeningGuide6.7"/>
                    <Alert enabled="false" id="AlertDefinition-VMWARE-VMViolateHardeningGuideV6"/>
                    <Alert enabled="false" id="AlertDefinition-FISMA-VM-VIRTUALMACHINE"/>
                    <Alert enabled="false" id="AlertDefinition-VirtualAndPhysicalSANAdapter-VsanVirtualMachineViolatingHardeningGuide"/>
                    <Alert automationEnabled="true" enabled="true" id="AlertDefinition-VMWARE-CPUContentionDueToCostop"/>
                    <Alert automationEnabled="true" enabled="true" id="AlertDefinition-VMWARE-VMReadLatencySwapping"/>
                    <Alert enabled="false" id="AlertDefinition-VMViolate_PCI-DSS"/>
                    <Alert automationEnabled="true" enabled="true" id="AlertDefinition-VMWARE-VMMemContention"/>
                    <Alert enabled="false" id="AlertDefinition-VMWARE-VMViolateHardeningGuide6.5"/>
                    <Alert enabled="false" id="AlertDefinition-VMWARE-VMViolateHardeningGuideV6RP2"/>
                    <Alert automationEnabled="true" enabled="true" id="AlertDefinition-VMWARE-VMContentionDuetoSwap"/>
                    <Alert enabled="false" id="AlertDefinition-CIS-VM-VIRTUALMACHINE"/>
                </Alerts>
                <Alerts adapterKind="VMWARE" resourceKind="VMwareAdapter Instance">
                    <Alert enabled="false" id="AlertDefinition-VCenterViolate_PCI-DSS"/>
                </Alerts>
                <Alerts adapterKind="NSXTAdapter" resourceKind="NSXTAdapterInstance">
                    <Alert enabled="false" id="AlertDefinition-NSXTAdapter-SecurityDisableSSH"/>
                </Alerts>
                <Alerts adapterKind="VirtualAndPhysicalSANAdapter" resourceKind="CacheDisk">
                    <Alert enabled="true" id="AlertDefinition-VirtualAndPhysicalSANAdapter-VsanCacheDiskViolatingHardeningGuide"/>
                </Alerts>
                <Alerts adapterKind="VMWARE" resourceKind="VmwareDistributedVirtualSwitch">
                    <Alert enabled="false" id="AlertDefinition-DVSViolate_PCI-DSS"/>
                    <Alert enabled="false" id="AlertDefinition-VMWARE-DVSViolatingHardeningGuideV_All"/>
                    <Alert enabled="false" id="AlertDefinition-CIS-DVS-VMWAREDISTRIBUTEDVIRTUALSWITCH"/>
                </Alerts>
                <Alerts adapterKind="vCenter Operations Adapter" resourceKind="vC-Ops-Cluster">
                    <Alert enabled="false" id="AlertDefinition-vCenter Operations Adapter-LicenseIsRunningOutAlert"/>
                </Alerts>
                <SuperMetrics adapterKind="VMWARE" resourceKind="ClusterComputeResource">
                    <SuperMetric enabled="true" id="2f5ad7c6-ae6f-4ed6-9225-34ef04af8728"/>
                </SuperMetrics>
            </PackageSettings>
        </Policy>
    </Policies>
</PolicyContent>
