{"customApplications": [{
   "applicationKind": "sockshop-appdef",
   "applicationPrefix": "Sock-",
   "applicationName": "SockShop-AppDef",
   "applicationServices": [
      {
         "localizedName": "IIS",
         "name": "IIS"
      },
      {
         "localizedName": "tc Server",
         "name": "tc Server"
      },
      {
         "localizedName": "RabbitMQ",
         "name": "RabbitMQ"
      },
      {
         "localizedName": "Apache Tomcat",
         "name": "Apache Tomcat"
      },
      {
         "localizedName": "JBoss",
         "name": "JBoss"
      },
      {
         "localizedName": "Nginx",
         "name": "Nginx"
      },
      {
         "localizedName": "MySQL DB",
         "name": "MySQL DB"
      },
      {
         "localizedName": "Apache HTTP",
         "name": "Apache HTTP"
      },
      {
         "localizedName": "MS-SQL DB",
         "name": "MS-SQL DB"
      }
   ]
}]}