{
   "sources": [{
      "sourceId": "a4335851-8e54-42d7-bd51-b6d3e6609875",
      "sourcePort": 443,
      "sourceType": "VIDM",
      "sourceHost": "xint-wsa01.vmlab.se"
   }],
   "users": [
      {
         "userSourceId": "a4335851-8e54-42d7-bd51-b6d3e6609875",
         "userLastName": "Olsson",
         "userFirstName": "Adm Lars",
         "userName": "adm-lolsson",
         "userId": "a836e854-f3ff-433c-b0af-8cbc10243645"
      },
      {
         "userName": "admin",
         "userId": "624358d8-1aff-4476-b0a7-667b430922de"
      },
      {
         "userSourceId": "a4335851-8e54-42d7-bd51-b6d3e6609875",
         "userLastName": "Gronas",
         "userFirstName": "Adm Bengt",
         "userName": "adm-bgronas",
         "userId": "33929b89-eab3-4f61-a3ca-671b7c927827"
      }
   ]
}