<?xml version="1.0" encoding="UTF-8" standalone="yes"?><TopologyGraphConfiguration>   <!--      <RelationType type="connectedTo.VLAN" lineStyle="solid" propKeyPrefix="relation">         <ColorBy>            <LightWeightObject yellow="25" orange="50" red="75" attrkey="usage|workload" />            <FullObject yellow="75" orange="50" red="25" attrkey="net|usage|workload" />         </ColorBy>         <WeightBy>            <LightWeightObject thinnest="0" thickest="100" attrkey="usage|workload" />            <FullObject thinnest="0" thickest="100" attrkey="net|usage|workload" />         </WeightBy>      </RelationType>      Above is an example for this xml. Currently, only lineStyle is implemented.      ColorBy and WeightBy does not have any effect on the topology graph widget.      For lineStyle, below is a list of values that can be used.         1. solid                 solid line         2. arrow                 ->         3. backward-arrow        <-         4. dashed                - - - -         5. dotted                .......         6. dash-dotted           -.-.-.-         7. double                =======   -->   <RelationTypes>      <RelationType key="widget.topologyGraph.parent" type="~child" lineStyle="solid" />      <RelationType key="widget.topologyGraph.child" type="child" lineStyle="solid" />      <RelationType key="widget.topologyGraph.connectedTo.LWSERVICE" type="connectedTo.LWSERVICE" lineStyle="solid" propKeyPrefix="relation" />   </RelationTypes></TopologyGraphConfiguration>